model,doc,clean,r2,copy5,num_hall,tri,gen_s,hyp
summarizer_mt5,0,True,0.08695652173913043,0.28,0.0,0.0,24.9,"Một sinh viên ở TP.HCM bị xử phạt nồng độ cồn trong khoảng 2 giờ làm việc, tước bằng lái xe 23 tháng và tạm giữ 7 ngày."
summarizer_mt5,1,True,0.08955223880597014,0.05,0.0,0.0,17.5,"Giá cổ phiếu VN-Index lần đầu tiên lập những đỉnh cao mới, với tổng tài sản tăng thêm gần 109.000 tỷ đồng."
summarizer_mt5,2,True,0.08,0.47058823529411764,0.0,0.0,19.4,"Alexis Sanchez từng là cầu thủ tấn công hay nhất của Arsenal, nhưng không mấy ai để ý đến Mesut Ozil."
summarizer_mt5,3,False,0.0,0.08333333333333333,0.0,0.0,29.9,"Lực lượng nổi dậy của Syria đã tiến hành các vụ tấn công đẫm máu vào tỉnh Idlib , nơi các tay súng phiến quân nắm quyền kiểm soát."
summarizer_mt5,4,False,0.7076923076923077,0.5666666666666667,0.0,0.0,34.0,Nữ đạo diễn trang phục Quỳnh Paris và ê - kíp đang gấp rút chuẩn bị các khâu cuối cùng cho vở nhạc kịch Nhà thiện xạ sắp ra mắt tại Nhà hát TP. HCM.
summarizer_mt5,5,True,0.22535211267605634,0.3939393939393939,0.0,0.0,23.8,"Real Madrid sẽ đàm phán với Borussia Dortmund về điều khoản giá trị tăng thêm trong hợp đồng chuyển nhượng của ngôi sao bóng đá Jude Bellingham, chuyên gia săn thông tin từ Real Madrid cho biết."
summarizer_mt5,6,False,0.0,0.38095238095238093,0.0,0.0,26.9,Hiệu trưởng trường THPT chuyên Lam Sơn bị Ủy ban Giáo dục và Đào tạo tỉnh Thanh Hoá khiển trách vì liên đới trách nhiệm .
summarizer_mt5,7,True,0.10126582278481013,0.7391304347826086,0.0,0.0,26.7,"Một số nguồn tin cho biết, Arsenal đang tiến gần đến việc ký hợp đồng với tiền vệ N'Golo Kante theo dạng chuyển nhượng tự do."
summarizer_mt5,8,False,0.2051282051282051,0.08333333333333333,0.0,0.0,14.6,Hoa hậu Hà Kiều Anh vừa đoạt vương miện đầu tiên trong lịch sử Việt Nam .
summarizer_mt5,9,True,0.7076923076923077,0.75,0.0,0.0,28.0,"Bộ Văn hóa, Thể thao và Du lịch Việt Nam đề nghị xem xét sớm đưa Việt Nam vào danh sách các quốc gia thí điểm tổ chức du tập theo đoàn."
summarizer_mt5,10,False,0.29629629629629634,0.11764705882352941,0.0,0.0,21.1,Tổng thống Mỹ Donald Trump nói rằng ông yêu cuộc sống trước đây và có nhiều công việc hơn lúc trước .
summarizer_mt5,11,True,0.18867924528301888,0.038461538461538464,0.0,0.0,28.6,"Thị trường chứng khoán Việt Nam vẫn tiếp tục tăng cao trong phiên giao dịch hôm nay (27.7), nhưng cổ phiếu bất động sản đang duy trì sắc xanh."
vit5_antechai_summarization_base,0,True,0.16666666666666666,0.1875,0.16666666666666666,0.0,24.8,"Vào ngày 30/9, ông D.N.T (57 tuổi) bị CSGT Hàng Xanh xử phạt 7 triệu đồng, tước bằng lái xe 23 tháng và tạm giữ xe 7 ngày. Vụ việc xảy ra khi ông T. dừng xe, kiểm tra nồng độ cồn của người tham gia giao thông. Ông T. bị CSGT xử phạt hành chính, tước giấy phép lái xe, tạm giữ phương tiện, và anh C. b"
vit5_antechai_summarization_base,1,True,0.14705882352941177,0.20408163265306123,0.0,0.01,22.1,"Tài sản tăng mạnh nhất trong 6 tháng đầu năm 2021 là ông Bùi Thành Nhơn, Chủ tịch Novaland, với khối tài sản hơn 228.100 tỷ đồng. Tuy nhiên, tài sản của các tỷ phú như Phạm Nhật Vượng và Chủ tịch Vingroup đã tăng gấp đôi so với đầu năm. Nhóm người giàu nhất thị trường ghi nhận sự gia tăng đáng kể về"
vit5_antechai_summarization_base,2,True,0.03125,0.13,0.0,0.0,21.6,"Alexis Sanchez, một cầu thủ tấn công hay nhất Ngoại hạng Anh, đã sa sút nghiêm trọng sau khi chuyển đến Arsenal năm 2014. Sanchez từng là một trong những cầu thủ hay nhất của Arsenal, nhưng sau đó chuyển đến Man Utd với tư cách là cầu thủ xuất sắc nhất. Sanchez đã có những đóng góp quan trọng trong "
vit5_antechai_summarization_base,3,False,0.09210526315789473,0.24786324786324787,0.0,0.0,29.0,"Bài viết này tập trung vào các cuộc tấn công đẫm máu vào Idlib, thành trì cuối cùng của lực lượng nổi dậy và phiến quân ở Syria, bao gồm cả việc tấn công vào các cơ sở hạ tầng và các mục tiêu quân sự. Lực lượng Syria đã tiến hành các vụ tấn công bằng tên lửa và ném bom vào các khu vực dân cư, gây th"
vit5_antechai_summarization_base,4,False,0.3529411764705882,0.3113207547169811,0.0,0.0,27.4,"NTK Quỳnh Paris và ê-kíp đang gấp rút hoàn thành hơn 100 bộ trang phục cho vở nhạc kịch Nhà thiện xạ sắp ra mắt. Chị không chỉ là một NTK tài năng mà còn có nhiều đóng góp trong các lĩnh vực như stylist, hoạ sĩ, dancer và dancers, đặc biệt là trong lĩnh vực thời trang. Quỳnh Paris đã hợp tác với nhi"
vit5_antechai_summarization_base,5,True,0.05042016806722689,0.29411764705882354,0.0,0.0,22.6,"Jude Bellingham sẽ chuyển đến Real Madrid từ Borussia Dortmund, từ chối lời đề nghị từ các CLB Ngoại hạng Anh và Man City. Real Madrid đang chuẩn bị cho một ""dải ngân hà"" mới với các ngôi sao như Vinicius, Camavinga, Tchouameni, Rodrygo và Vinicius. Sau khi chia tay đội bóng Đức do chấn thương, Bell"
vit5_antechai_summarization_base,6,False,0.0819672131147541,0.19444444444444445,0.0,0.03571428571428571,29.5,"Trường THPT chuyên Lam Sơn bị khiển trách vì liên đới trách nhiệm. Ông Chu Anh Tuấn, Hiệu trưởng Trường THPT Chuyên Lam Sơn, bị đề nghị khiển trách do không thực hiện nghiêm quy định pháp luật và chỉ đạo của Chủ tịch UBND tỉnh. Trường đã có nhiều sai phạm, bao gồm việc ký hợp đồng làm việc với giáo "
vit5_antechai_summarization_base,7,True,0.16260162601626016,0.24285714285714285,0.0,0.0,22.6,"Vào ngày 25/4, TodoFichajes đưa tin về việc MU liên hệ Mason Mount, Arsenal sắp có Kante, và Barca không bán De Jong. MU đang đàm phán với Mason Mount để nâng cao chất lượng và chiều sâu đội hình, đồng thời tìm kiếm sự hỗ trợ từ các CLB khác như Liverpool, Bayern Munich và Bayern Munich. De Jong là "
vit5_antechai_summarization_base,8,False,0.12698412698412698,0.38235294117647056,0.0,0.0,19.9,"Hà Kiều Anh đã đảm nhận vai trò vedette trong chương trình ""Thu vọng nguyệt"" của NTK áo dài hàng đầu Việt Nam  NSƯT Đức Hùng. BST áo dài lấy cảm hứng từ đèn lồng, thu hút sự chú ý của nhiều ngôi sao giải trí và người hâm mộ thủ đô. NTK Đức Hùng đã trình diễn những mẫu áo dài mới nhất dựa trên ý tưởn"
vit5_antechai_summarization_base,9,True,0.24060150375939846,0.3904761904761905,0.0,0.0,31.2,"Bà Nguyễn Phương Hòa, Cục trưởng Cục Hợp tác quốc tế, Bộ Văn hóa, Thể thao và Du lịch, chia sẻ thông tin về việc Việt Nam không có trong danh sách 20 quốc gia thí điểm du lịch theo đoàn. Trước đó, Việt Nam đã tham gia Hội chợ Du lịch ASEAN - Trung Quốc, nhưng gần đây không có Việt Nam. Hai bên khẳng"
vit5_antechai_summarization_base,10,False,0.20312499999999997,0.32608695652173914,0.0,0.0,22.9,Tổng thống Donald Trump chia sẻ về 100 ngày sau lễ nhậm chức của mình. Ông bày tỏ tiếc nuối về cuộc sống trước khi trở thành Tổng thống đầu tiên không có kinh nghiệm chính trị nhưng đã giành chiến thắng trong cuộc bầu cử năm 2016. Ông Trump đã quen với việc được bảo vệ 24/24 và mô tả sự đối lập với 
vit5_antechai_summarization_base,11,True,0.11428571428571428,0.2839506172839506,0.2,0.012048192771084338,28.4,"Phiên 27/7, VN-Index giảm 3,51 điểm xuống 1.197,33 điểm, đánh mất mốc 1.200 điểm chỉ sau một ngày. Các cổ phiếu như NVL, PDR, VHM và VRE cũng đóng vai trò quan trọng trong phiên. Cổ phiếu bất động sản vẫn giữ sắc xanh, trong khi các cổ phiếu khác như VHM, SSI, VDS, VIX, MBS, FTS, VND, và HOSE cũng g"
vit5_base_original,0,True,0.07547169811320756,0.11764705882352941,0.5833333333333334,0.014285714285714285,24.1,"*620 mg/lít khí thở. Kết quả, CSGT Hàng Xanh đã mời anh T. vào lề, kiểm tra thì phát hiện là 0,610 mg+ xe 7 ngày._ phạt 4 triệu đồng, tước bằng lái xe 23 tháng.Z000 mg[ kết quả] hiện là!0 mg>302 mgj xe 10 ngày. Ông T. bị xử phạt 4,5 triệu đồng&WWỴ kiểm tra.Ẽ200Ỡ300Ẫ0Ẳ đo nồng độ cồnẰÕẺ cho hayẶ đoỖ0"
vit5_base_original,1,True,0.20634920634920637,0.11494252873563218,0.6,0.0,21.9,"*+_ Ông Bùi Thành Nhơn, Chủ tịch Tập đoàn Novaland. Ông Nhơn là người giàu nhất thị trường chứng khoán Việt Nam. Tuy nhiên, ông Nhơn lại không phải là người có tài sản tăng mạnh nhất.Z ""giàu thêm""[]!!>000 tỷ đồng, tương đương 1,7 tỷ USD. Trong khi đó, tài sản của ông Nhơn tăng mạnh.j ông&5 điểm. Tro"
vit5_base_original,2,True,0.02222222222222222,0.0,0.0,0.015151515151515152,22.3,"*+ (theo Paddy Power). ""Chúng ta đang nói về Alexis Sanchez"", Ince nói. ""Đó là lý do tại sao chúng ta lại nói đến Alexis Sanchez. Chúng ta đã nghe nói rất nhiều về Alexis, và chúng ta đã biết điều đó"". ""Hãy nhìn xem,+._ .Z ""[ . ""]dy Power . ""! .>jj.& ""WỴẼ nhiều ngườiỠ ""ẪẲẰ ""Õ vàẺ ""Ặ trên trang Twitt"
vit5_base_original,3,False,0.016129032258064516,0.08333333333333333,0.0,0.0,27.9,"* là vùng cấm của các tổ chức khủng bố ở Syria . Các cuộc tấn công của lực lượng nổi dậy ở Idlib có thể khiến hàng triệu người thiệt mạng và bị thương . Trong khi đó,+ nay là Bộ Tổng tham mưu . Theo Sputnik,_ đồn trú tại tỉnh Idlib .Z gần[]!!>>j&&WỴ .Ẽ vàỠ -Ẫ - NusraẲ > > Syria : Tổng thống Assad th"
vit5_base_original,4,False,0.4324324324324324,0.27906976744186046,0.0,0.056179775280898875,24.6,"*,+__Z Quỳnh Paris[ cùng ê - kíp đang gấp rút chuẩn bị các khâu cuối cùng . NTK Quỳnh Paris cùng ê- kíp] .! .> .j .& .W .Ỵ nghe đếnẼ nghe đến nhìn .Ỡ nhìn đếnẪẲ đangẰÕẺ đang chuẩn bị cho vở nhạc kịch Nhà thiện xạ sắp ra mắt .Ặ ê kíp chuẩn bịỖ ê kípẸỸ Quỳnh ParisÈỮ Quỳnh Paris đã hợp tác với David He"
vit5_base_original,5,True,0.020618556701030927,0.028985507246376812,0.42857142857142855,0.0,20.9,*i+i_i ViniZi[i]i!i>iji&iWiỴiẼiỠiẪiẲẰ Real Madrid xếp thứ 3Õ Real Madrid giành ngôi vô địchẺ Real Madrid thắng Barcelona 2-0Ặ Real MadridỖude BellinghamẸ Vinicius và Vinicius sẽ ký hợp đồng vào tháng 6.2029. Hợp đồng này sẽ được ký kết vào tháng 7. 2028.ỸÈ vàỮ 1Ự Real Madrid đang xếp thứ 2 sau Barce
vit5_base_original,6,False,0.058823529411764705,0.09375,0.0,0.02040816326530612,25.4,"* thanh tra xác định, ông Chu Anh Tuấn không thực hiện đúng quy định của pháp luật về hưu trước tuổi .+ thanh tra kết luận, ông Tuấn không làm đúng theo chỉ đạo của UBND tỉnh Thanh Hoá . Kết luận thanh tra cho thấy, việc ông Tuấn nghỉ hưu sớm là không đúng ._ năngZ thanh tra[]!!> Thanh tra Sở đã kết"
vit5_base_original,7,True,0.0,0.2857142857142857,0.0,0.0,7.4,"* The Athletic cho hay.+ và tin bóng đá chính hôm nay, 25/4. TodoFichajes đưa tin,_ vàZ."
vit5_base_original,8,False,0.12371134020618556,0.1518987341772152,0.0,0.04878048780487805,17.1,"*+ "" Thu vọng nguyệt "" Đêm gala đặc biệt của NTK áo dài hàng đầu Việt Nam  NSƯT Đức Hùng . Đêm gala này, Hà Kiều Anh vinh dự được tham dự chương trình "" Thu Vọng nguyệt "". Đêm gala diễn ra tại Văn Miếu Quốc Tử Giám, Hà Nội . Tối qua, tại Nhà hát lớn Hà Nội, đêm gala được tổ chức tại sân khấu . Tối n"
vit5_base_original,9,True,0.2037037037037037,0.24324324324324326,0.16666666666666666,0.0,27.4,"* thông tin được bà Nguyễn Phương Hòa - cục trưởng Cục Hợp tác quốc tế - Bộ Văn hóa, Thể thao và Du lịch Việt Nam - cho biết. Ngày 16-2, Bộ Văn hoá và Thể thao Việt Nam đã có công hàm gửi Bộ+ ngày 17-2._ ngày 15-2 -Z ngày 16[]!>j&&ÁWỊỴỊẼỠẪ Việt NamẲ hồi tháng 1ẰỊÕ dự kiếnẺ dự thảoẶ với các cơ quan c"
vit5_base_original,10,False,0.08,0.02857142857142857,0.0,0.0,22.9,"* với hiện tại .+ ông Donald Trump_Z ""[ với quá khứ .] lập với tương lai .! .> ""j > > >& 24/24WỴẼỠ lập với cuộc sống cũ . Ông Trump mô tả sự đối lập với những gì đã xảy ra . Ông mô tả cuộc sống của mình . Ông nói ôngẪ lập . Quá khứ , quá khứ và quá khứ "" . Xem thêm >> > > Tổng thống Donald Trump ""Ẳ "
vit5_base_original,11,True,0.09195402298850575,0.047619047619047616,0.0,0.0,24.9,"*W+W, MSN_WZC...[W]W!, CTG...>, VPB...jW&W, PVDWWỴWẼ VPB, MSN...ỠWẪ BID, VPS, VPL... đều có sắc xanhẲWẰWÕ PDR và PDR vẫn giữ được sắc xanh.Ẻ PDR, PDR...Ặ nhiều cổ phiếu blue-chipsỖC...Ẹ, VIC... đều đóng cửa trong sắc đỏ. Tương tự, cổ phiếu bất động sản là nhóm cổ phiếu dẫn dắt thị trường.Ỹ là trụ đỡ"
vit5_base_vietnews_summarization,0,True,0.09523809523809522,0.05263157894736842,0.0,0.0,9.4,"Trong khoảng 2 giờ đồng hồ , CSGT Hà Nội và TP. HCM đã xử phạt 9 sinh viên vi phạm nồng độ cồn ."
vit5_base_vietnews_summarization,1,True,0.08450704225352113,0.5416666666666666,0.0,0.0,6.6,Tài sản của nhóm những người giàu nhất thị trường chứng khoán Việt Nam đã tăng thêm tới 109.000 tỷ đồng chỉ trong 6 tháng đầu năm .
vit5_base_vietnews_summarization,2,True,0.0,0.43478260869565216,0.0,0.0,6.8,""" Hãy nhìn xem , từ lúc Sanchez ra đi , bạn đã không còn là chính mình . Cả hai đều sa sút "" , Suzanne Ince nói trên trang Paddy Power ."
vit5_base_vietnews_summarization,3,False,1.0,0.05405405405405406,0.0,0.0,10.0,"Khủng bố thuộc Mặt trận al - Nusra liên tiếp ném bom , phóng tên lửa vào các khu dân sinh và mục tiêu quân sự của quân đội Syria khiến quân đội quốc gia Trung Đông này phải dồn dập đáp trả ."
vit5_base_vietnews_summarization,4,False,1.0,1.0,0.0,0.0,8.2,NTK Quỳnh Paris và ê - kíp đang gấp rút chuẩn bị các khâu cuối cùng để hoàn thành hơn 100 bộ trang phục cho vở nhạc kịch Nhà thiện xạ sắp ra mắt .
vit5_base_vietnews_summarization,5,True,0.2388059701492537,0.5714285714285714,0.0,0.0,7.1,"Theo một số chuyên gia , Jude Bellingham sắp hoàn tất thương vụ chuyển nhượng từ Borussia Dortmund đến Real Madrid , từ chối lời đề nghị từ các CLB ở Ngoại hạng Anh ."
vit5_base_vietnews_summarization,6,False,1.0,0.0,0.0,0.0,6.7,"Ông Chu Anh Tuấn mắc nhiều sai phạm trong quản lý tài chính , tổ chức dạy thêm , lập quỹ trái phép ."
vit5_base_vietnews_summarization,7,True,0.17073170731707316,0.6538461538461539,0.0,0.0,8.2,"MU liên hệ Mason Mount , Arsenal sắp có Kante dạng tự do , Barca tuyên bố không bán De Jong là những tin bóng đá nổi bật hôm nay , 25/4 ."
vit5_base_vietnews_summarization,8,False,1.0,0.047619047619047616,0.0,0.0,4.5,Hoa hậu Hà Kiều Anh bất ngờ tái xuất trên sàn catwalk với vai trò vedette tại chương trình thời trang của NTK Đức Hùng .
vit5_base_vietnews_summarization,9,True,0.125,0.7407407407407407,0.0,0.0,10.8,"Sự hồi phục của thị trường khách châu Á sẽ góp phần làm sôi động ngành du lịch trong năm 2023 - Cục hợp tác quốc tế , Thể thao và Du lịch ."
vit5_base_vietnews_summarization,10,False,1.0,0.06060606060606061,0.0,0.0,9.3,""" Tôi yêu cuộc sống trước đây của mình . Tôi từng nghĩ rằng nó ( việc trở thành một Tổng thống ) sẽ dễ dàng hơn "" , Tổng thống Mỹ Donald Trump chia sẻ về 100 ngày nhậm chức của mình ..."
vit5_base_vietnews_summarization,11,True,0.22727272727272727,0.35294117647058826,0.0,0.0,9.8,Cổ phiếu bất động sản vẫn tăng dù VN-Index giảm nhẹ nhưng vẫn chìm sâu ở mức 1.200 điểm .
vit5_chamdenti_transcript,0,True,0.14285714285714285,0.36585365853658536,0.0,0.0,17.1,"* nồng độ cồn của người tham gia giao thông là 0,620 mg/lít khí thở. Ông T. bị phạt 4,5 triệu đồng, tước bằng lái xe 17 tháng và tạm giữ xe 7 ngày. Anh C. bị CSGT xử phạt 7 triệu đồng."
vit5_chamdenti_transcript,1,True,0.13333333333333333,0.16666666666666666,0.3333333333333333,0.0,15.1,"Những người giàu nhất thị trường chứng khoán nửa đầu năm 2021 là ông Bùi Thành Nhơn, Chủ tịch Tập đoàn Novaland. Tổng tài sản của top 10 là 38.100 tỷ đồng, tương đương 1,7 tỷ USD. Bà Thảo, CEO Vietjet Air, là người giàu thứ 3 trong danh sách. Bà Nguyễn Thị Phương Thảo là người duy nhất trong top 5."
vit5_chamdenti_transcript,2,True,0.10666666666666669,0.22727272727272727,0.0,0.0,11.8,"Alexis Sanchez chuyển đến Arsenal năm 2014. Anh ghi 60 bàn trong hơn 120 trận tại Ngoại hạng Anh. Sau bốn năm ở Arsenal, tiền vệ người Đức đã không còn là chính mình nữa. Sau khi chuyển đến Man Utd, Ozil đã chơi rất hay ở Arsenal."
vit5_chamdenti_transcript,3,False,0.14814814814814814,0.2803738317757009,0.0,0.0,24.2,"Có một cuộc tấn công đẫm máu vào tỉnh Idlib, khiến 3 triệu người tị nạn chạy qua biên giới Thổ Nhĩ Kỳ. Lực lượng nổi dậy đã tấn công vào các cơ sở hạ tầng và các mục tiêu của quân đội Syria dọc biên giới của tỉnh này. Các phần tử khủng bố hoạt động trái phép ở Idlib tấn công lực lượng khủng bố và tấ"
vit5_chamdenti_transcript,4,False,0.761904761904762,0.78,0.0,0.0,16.9,* đêm nhạc Opera Der Freischutz - Tay Thiện Xạ sẽ diễn ra vào ngày 28/7/18 tại Nhà hát TP. HCM. NTK Quỳnh Paris và ê - kíp đang gấp rút chuẩn bị các khâu cuối cùng để hoàn thành hơn 100 bộ trang phục cho vở nhạc kịch Nhà thiện xạ sắp ra mắt.
vit5_chamdenti_transcript,5,True,0.09999999999999999,0.7674418604651163,0.0,0.0,9.6,"Jude Bellingham từ Borussia Dortmund đến Real Madrid từ chối lời đề nghị từ các CLB ở Ngoại hạng Anh như Liverpool, M.U và Man City. Real Madrid sẽ đàm phán với Borussia Dortmund về điều khoản giá trị tăng thêm trong hợp đồng chuyển nhượng."
vit5_chamdenti_transcript,6,False,0.09022556390977443,0.41964285714285715,0.0,0.0,26.4,"* khiển trách ông Chu Anh Tuấn, Hiệu trưởng Trường THPT chuyên Lam Sơn vì những vi phạm trong công tác quản lý, sử dụng quỹ khuyến học và quỹ thi đua khen thưởng. Ông Tuấn đã không thực hiện đúng quy định của pháp luật và chỉ đạo của UBND tỉnh Thanh Hoá về việc này. Trường đã ký hợp đồng làm việc vớ"
vit5_chamdenti_transcript,7,True,0.03603603603603603,0.1896551724137931,0.0,0.0,15.4,"* MU, Chelsea, Bayern Munich và Thomas Tuchel đồng ý gia hạn hợp đồng với tiền vệ người Pháp, người bị lỡ hẹn World Cup 2022. Liverpool, Chelsea và Bayern Munich muốn có Kante. De Jong đã trở lại sau một thời gian chấn thương. Liverpool và Bayern muốn mua De Jong, người sẽ giúp đội bóng thành London"
vit5_chamdenti_transcript,8,False,0.12244897959183675,0.3037974683544304,0.0,0.024691358024691357,13.6,"* đảm nhận vị trí vedette trong bộ sưu tập áo dài lấy cảm hứng từ đèn lồng của NTK Đức Hùng. Đây là đêm gala đặc biệt của chương trình "" Thu vọng nguyệt "" do NSƯT Đức Hùng tổ chức. Hà Kiều Anh đảm nhiệm vị trí Vedette của BST. Anh chia sẻ ý tưởng thiết kế từ những chiếc đèn lồng, đầu sư tử và lụa tơ"
vit5_chamdenti_transcript,9,True,0.3779527559055118,0.4117647058823529,0.3333333333333333,0.0,27.8,"* Bộ Văn hóa, Thể thao và Du lịch Việt Nam đề nghị phía Trung Quốc sớm đưa Việt Nam vào danh sách các quốc gia thí điểm du lịch theo đoàn. Việt Nam đã đón hơn 3,66 triệu lượt khách quốc tế từ ngày 15-3-2022, trong đó có 7 nước ASEAN và một số quốc gia khác mà không có Việt Nam. Trước đại dịch, Trung"
vit5_chamdenti_transcript,10,False,0.05504587155963303,0.2702702702702703,0.0,0.0,17.3,"Tổng thống Donald Trump đã trải qua 100 ngày trong Nhà Trắng. Ông từng là một doanh nhân giàu có đến từ New York và đã thắng cử trong cuộc bầu cử tháng 11/2016. Ông đã từng tham gia các sự kiện chính trị lớn tại Nhà Trắng, nhưng giờ đây ông không còn lái xe nữa. Ông Trump sẽ đến dự tiệc tối thường n"
vit5_chamdenti_transcript,11,True,0.12307692307692307,0.325,0.0,0.0,17.5,"*Index giảm 3,51 điểm xuống 1.197,33 điểm. Trong khi đó, cổ phiếu bất động sản vẫn giữ sắc xanh. Cổ phiếu ngân hàng tăng mạnh. Chỉ số HOSE giảm 0,56 điểm xuống 235,64 điểm. Nhóm chứng khoán tăng điểm."
vit5_giaPhu_summarize_base,0,True,0.07518796992481203,0.7083333333333334,0.0,0.0,21.9,"Ngày 30.9, ông D.N.T (57 tuổi) bị CSGT Hàng Xanh xử phạt 7 triệu đồng, tước bằng lái xe 23 tháng và tạm giữ phương tiện 7 ngày. Ít phút sau, ông T. lái xe máy chở bạn dừng đèn đỏ tại giao lộ nói trên, nhưng chống chân không vững, có dấu hiệu say xỉn. CSGT mời anh C. vào lề, kiểm tra thì kết quả là 0"
vit5_giaPhu_summarize_base,1,True,0.11594202898550723,0.8541666666666666,0.0,0.0,19.8,"Trong 6 tháng đầu năm 2021, VN-Index liên tiếp lập những đỉnh cao mới và đóng cửa phiên giao dịch ngày 30/6 tại 1.408,55 điểm, tăng 27,6% so với đầu năm và là một trong những thị trường chứng khoán tăng mạnh nhất thế giới. Dù ít dù nhiều, có thể khẳng định hầu hết nhà đầu tư tham gia chứng khoán nửa"
vit5_giaPhu_summarize_base,2,True,0.03125,0.7052631578947368,0.16666666666666666,0.0,19.8,"Alexis Sanchez, một cầu thủ tấn công hay nhất của Ngoại hạng Anh, đã chuyển đến Man Utd vào năm 2014. Trong bốn năm ở sân Emirates, anh ghi 60 bàn trong hơn 120 trận. Dù không giành được danh hiệu lớn, lối chơi máu lửa, tinh quái và kỹ thuật của anh được đánh giá cao. Đó là lý do tại sao Arsenal phả"
vit5_giaPhu_summarize_base,3,False,0.2585034013605443,0.9642857142857143,0.0,0.0,25.6,"Theo Sputnik, khủng bố thuộc lực lượng Mặt trận al - Nusra liên tiếp phóng tên lửa, ném bom vào các khu vực dân sinh cũng như các mục tiêu của quân đội Syria dọc biên giới của tỉnh Idlib. Lực lượng nổi dậy thường xuyên tấn công vào các cơ sở hạ tầng và khu dân sinh nằm trên tuyến đường cao tốc Latak"
vit5_giaPhu_summarize_base,4,False,0.10294117647058824,0.8611111111111112,0.0,0.0,23.9,"Quỳnh Paris không chỉ là một NTK tài giỏi, nổi tiếng mà còn đạt được những kết quả cao trong các lĩnh vực như stylist, hoạ sĩ, dancer, nghệ sĩ violon, chuyên viên thẩm mỹ. Chính tài năng đó, NTK Quỳnh Paris đã được các đạo diễn nước ngoài mời hợp tác trong vai trò là đạo diễn về trang phục, chị đã t"
vit5_giaPhu_summarize_base,5,True,0.10071942446043165,0.8113207547169812,0.0,0.009259259259259259,21.4,"Trong tuần này, Real Madrid sẽ đàm phán với Borussia Dortmund về điều khoản giá trị tăng thêm trong hợp đồng chuyển nhượng Jude Bellingham. Tất cả sẽ hoàn tất trong tuần này. Đây là bước đi cuối trước khi hai bên công bố thương vụ ""bom tấn"" đầu tiên trong kỳ chuyển nhượng mùa hè. Real Madrid có thể "
vit5_giaPhu_summarize_base,6,False,0.07518796992481203,0.864406779661017,0.0,0.0,26.3,Hội đồng kỷ luật của UBND tỉnh Thanh Hoá đề nghị khiển trách ông Chu Anh Tuấn - Hiệu trưởng Trường THPT chuyên Lam Sơn. Các phó hiệu trưởng bị yêu cầu kiểm điểm rút kinh nghiệm vì liên đới trách nhiệm. Do ông Tuấn là cán bộ được Chủ tịch UBND tỉnh bổ nhiệm nên người đứng đầu cơ quan này sẽ ra quyết 
vit5_giaPhu_summarize_base,7,True,0.0875,0.9142857142857143,0.0,0.0,24.5,"MU liên hệ Mason Mount, Arsenal sắp có Kante dạng tự do, Barca không bán De Jong là những tin bóng đá chính hôm nay, 25/4. MU tiếp tục đàm phán với tiền vệ đa năng Mason Mount. Báo chí Anh tiết lộ, Mount không còn nhiều hy vọng ở lại Chelsea khi Chelsea không tìm thấy tiếng nói chung trong quá trình"
vit5_giaPhu_summarize_base,8,False,0.07751937984496124,0.926605504587156,0.0,0.009009009009009009,17.4,"Hà Kiều Anh vừa đảm nhiệm vị trí vedette trong bộ sưu tập áo dài lấy cảm hứng từ đèn lồng trong chương trình "" Thu vọng nguyệt "" của NTK áo dài hàng đầu Việt Nam  NSƯT Đức Hùng. Đây là đêm gala đặc biệt trong khuôn khổ lễ hội Trung thu  "" Thu Vọng nguyệt "" được tổ chức tại khu di tích Văn Miếu Quốc "
vit5_giaPhu_summarize_base,9,True,0.1212121212121212,0.8514851485148515,0.0,0.0,27.9,"Bà Nguyễn Phương Hòa - cục trưởng Cục Hợp tác quốc tế , Thể thao và Du lịch - chia sẻ với ngày 16-2. Trước đó, Trung Quốc là thị trường gửi khách lớn nhất của Việt Nam, Việt Nam luôn chiếm vị trí top 5 quốc gia hàng đầu gửi khách đến Trung Quốc. Thời gian qua, hai bên duy trì liên lạc thường xuyên, "
vit5_giaPhu_summarize_base,10,False,0.13793103448275862,0.9099099099099099,0.0,0.0,23.5,"Trong buổi trả lời phỏng vấn với Reuters về 100 ngày sau lễ nhậm chức của mình, Tổng thống Donald Trump tỏ vẻ tiếc nuối khi nhắc đến cuộc sống trước lúc vào Nhà Trắng. Từ một doanh nhân giàu có đến từ New York, ông Trump đã ghi dấu vào lịch sử nước Mỹ khi trở thành vị Tổng thống đầu tiên không có ki"
vit5_giaPhu_summarize_base,11,True,0.05309734513274336,0.7582417582417582,0.0,0.0,25.5,"Trong phiên giao dịch ngày 27.7, VN-Index giảm 3,51 điểm xuống 1.197,33 điểm, đánh mất mốc 1.200 điểm chỉ sau 1 ngày. Trên sàn Hà Nội, chỉ số HNX-index cũng giảm 0,56 điểm xuống 235,64 điểm. Nhóm cổ phiếu trở thành tâm điểm trong phiên này. Trong đợt giao dịch buổi sáng, có lúc thị trường giảm mạnh "
vit5_NishiKyen_news,0,True,0.0625,0.2413793103448276,0.0,0.0,21.3,"Vào khoảng 21 giờ, ông D.N.T (57 tuổi) đi xe máy trên đường Nguyễn Xí có dấu hiệu loạng choạng và bị CSGT xử phạt. Kết quả kiểm tra ban đầu cho thấy ông T. có nồng độ cồn 0,620 mg/lít khí thở. Ông T. bị phạt 7 triệu đồng, tước bằng lái 23 tháng và tạm giữ xe 7 ngày. Trong khi đó, một sinh viên khác "
vit5_NishiKyen_news,1,True,0.1857142857142857,0.4536082474226804,0.0,0.0,19.7,"Trong 6 tháng đầu năm 2021, VN-Index ghi nhận những đỉnh cao mới và đóng cửa phiên giao dịch ngày 30/6, tăng 27,6% so với đầu năm và là một trong những thị trường chứng khoán tăng mạnh nhất thế giới. Tài sản của nhóm những người giàu nhất thị trường đã tăng 109.000 tỷ đồng, trong khi đó, ông Bùi Thà"
vit5_NishiKyen_news,2,True,0.047244094488188976,0.16494845360824742,0.0,0.0,19.3,"Alexis Sanchez, một cầu thủ tấn công hay nhất Ngoại hạng Anh, từng là cầu thủ hay nhất của Arsenal. Sanchez chuyển đến Arsenal năm 2014, ghi 60 bàn trong hơn 120 trận tại Premier League, nhưng sau đó chuyển đến Man Utd. Sanchez đã có những đóng góp quan trọng trong sự nghiệp của mình, thể hiện qua l"
vit5_NishiKyen_news,3,False,0.16216216216216217,0.24347826086956523,0.0,0.008547008547008548,25.6,"Lực lượng Mặt trận al- Nusra của Syria đã tấn công các khu dân sinh và các mục tiêu của quân đội Syria dọc biên giới tỉnh Idlib, gây thiệt hại lớn về vật chất và tinh thần. Quân đội Syria thường xuyên tấn công vào các cơ sở hạ tầng và khu dân cư, gây ra thiệt hại về kinh tế và xã hội lớn. Mặc dù khô"
vit5_NishiKyen_news,4,False,0.35036496350364965,0.32075471698113206,0.5,0.0,24.2,"NTK Quỳnh Paris và ê-kíp đang gấp rút hoàn thành hơn 100 bộ trang phục cho vở nhạc kịch Nhà thiện xạ sắp ra mắt. Chị không chỉ là một NTK tài năng mà còn có nhiều đóng góp trong các lĩnh vực như stylist, họa sĩ, dancer, và chuyên viên thẩm mỹ. Chị đã hợp tác với nhiều đạo diễn nước ngoài, đặc biệt l"
vit5_NishiKyen_news,5,True,0.07246376811594203,0.3904761904761905,0.0,0.0,21.1,"Jude Bellingham sẽ hoàn tất chuyển nhượng từ Borussia Dortmund đến Real Madrid, từ chối lời đề nghị từ các CLB ở Ngoại hạng Anh. Real Madrid sẽ đàm phán với Borussia Dortmund về điều khoản giá trị tăng thêm trong hợp đồng, bao gồm cả việc ký hợp đồng với các cầu thủ trẻ hiện tại. Đây là bước đi cuối"
vit5_NishiKyen_news,6,False,0.09836065573770492,0.22429906542056074,0.0,0.02727272727272727,25.1,"Hội đồng kỷ luật của UBND tỉnh Thanh Hóa đã đề nghị khiển trách ông Chu Anh Tuấn, Hiệu trưởng Trường THPT chuyên Lam Sơn vì liên quan đến sai phạm trong hoạt động của trường. Ông Tuấn bị đề nghị kiểm điểm do không thực hiện nghiêm quy định về dạy thêm, học thêm và thu tiền bảo vệ xe trái quy định. S"
vit5_NishiKyen_news,7,True,0.13836477987421383,0.28440366972477066,0.0,0.0,24.5,"MU liên hệ Mason Mount, Arsenal sắp có Kante dạng tự do, Barca không bán De Jong là những tin bóng đá chính ngày 25/4. MU tiếp tục liên hệ với Mason Mount để nâng cao chất lượng và chiều sâu đội hình, trong khi Liverpool và Bayern Munich đang đàm phán để đạt được thỏa thuận về việc ký hợp đồng với t"
vit5_NishiKyen_news,8,False,0.08196721311475412,0.38144329896907214,0.0,0.0,17.2,"Hà Kiều Anh đảm nhận vị trí vedette trong bộ sưu tập áo dài lấy cảm hứng từ đèn lồng trong chương trình ""Thu vọng nguyệt"" của NTK áo dài hàng đầu Việt Nam  NSƯT Đức Hùng. Đêm gala diễn ra với sự tham gia của nhiều ngôi sao giải trí và người hâm mộ thủ đô. BST được thiết kế dựa trên ý tưởng của đêm r"
vit5_NishiKyen_news,9,True,0.2677165354330709,0.5257731958762887,0.0,0.010101010101010102,25.0,"Sự phục hồi của thị trường khách châu Á sẽ góp phần làm sôi động ngành du lịch trong năm 2023. Trước đó, Trung Quốc công bố danh sách 20 quốc gia thí điểm du lịch theo đoàn, nhưng Việt Nam không có trong danh sách. Bộ Văn hóa, Thể thao và Du lịch Việt Nam khẳng định hợp tác du lịch là điểm sáng, duy"
vit5_NishiKyen_news,10,False,0.15492957746478872,0.4818181818181818,0.0,0.0,23.6,"Tổng thống Donald Trump chia sẻ về 100 ngày sau khi nhậm chức, bày tỏ sự tiếc nuối về cuộc sống trước khi vào Nhà Trắng. Ông Trump, từ một doanh nhân giàu có đến một Tổng thống đầu tiên không có kinh nghiệm chính trị nhưng đã đánh bại cựu Ngoại trưởng Mỹ Hillary Clinton trong cuộc bầu cử năm 2016. Ô"
vit5_NishiKyen_news,11,True,0.11111111111111112,0.23809523809523808,0.14285714285714285,0.011627906976744186,25.3,"Phiên 27/7, VN-Index giảm 3,51 điểm xuống 1.197,33 điểm, mất mốc 1.200 điểm sau một ngày. Các cổ phiếu như VCB, BID, CTG, MBB, TCB, VPB bị bán nhiều hơn, trong khi các cổ phiếu bất động sản vẫn giữ sắc xanh. Nhóm chứng khoán tăng khá hơn, với tổng khối lượng giao dịch đạt hơn 1,16 tỷ đơn vị, tăng gầ"
vit5_soup_0.3_v1,0,True,0.1627906976744186,0.6190476190476191,0.0,0.0,19.2,"Trong khoảng 2 giờ làm việc, CSGT phát hiện nồng độ cồn người tham gia giao thông là 0,620 mg/lít khí thở. Anh C. bị CSGT xử phạt 4,5 triệu đồng, tước bằng lái xe 23 tháng và tạm giữ xe 7 ngày."
vit5_soup_0.3_v1,1,True,0.19130434782608693,0.28169014084507044,0.0,0.0,16.9,"Tài sản của nhóm người giàu nhất thị trường chứng khoán nửa đầu năm 2021 đã tăng thêm gần 109.000 tỷ đồng chỉ trong 6 tháng đầu năm. Trong đó, ông Bùi Thành Nhơn, Chủ tịch Novaland, có tài sản tăng gần gấp 3 lần hồi đầu năm, nhờ giá cổ phiếu Thaiholdings lên cao. Trong khi đó, bà Nguyễn Thị Phương T"
vit5_soup_0.3_v1,2,True,0.029411764705882353,0.2571428571428571,0.0,0.0,10.5,"Alexis Sanchez chuyển đến Arsenal năm 2014. Anh ghi 60 bàn trong hơn 120 trận tại Ngoại hạng Anh. Ozil chơi rất hay ở Arsenal, nhưng sau một mùa giải không thành công, anh bị đem cho Inter mượn."
vit5_soup_0.3_v1,3,False,0.07476635514018691,0.40298507462686567,0.0,0.0,20.0,Một dàn pháo hạng nặng của Syria đã san phẳng kho vũ khí đạn dược và máy bay không người lái của quân nổi dậy ở tỉnh Idlib và tiêu diệt hiệu quả các mục tiêu của quân đội Syria dọc biên giới tỉnh Idlib . Lực lượng này đã triển khai tới gần làng Kabani ở độ cao chiến lược có tầm nhìn với toàn bộ khu 
vit5_soup_0.3_v1,4,False,1.0,1.0,0.0,0.0,11.8,NTK Quỳnh Paris và ê - kíp đang gấp rút chuẩn bị các khâu cuối cùng để hoàn thành hơn 100 bộ trang phục cho vở nhạc kịch Nhà thiện xạ sắp ra mắt .
vit5_soup_0.3_v1,5,True,0.13636363636363638,0.6346153846153846,0.0,0.018518518518518517,13.0,"Jude Bellingham sắp hoàn tất thương vụ chuyển sang Real Madrid từ Borussia Dortmund đến Real Madrid, từ chối lời đề nghị từ các CLB ở Ngoại hạng Anh như Liverpool, M.U và Man City. Real Madrid đang xây dựng một ""dải ngân hà"" mới với các ngôi sao như Vinicius, Camavinga, Tchouameni và Rodrygo."
vit5_soup_0.3_v1,6,False,0.15384615384615385,0.11666666666666667,0.0,0.0,14.5,Trường THPT chuyên Lam Sơn bị khiển trách vì có nhiều sai phạm trong quá trình giảng dạy và bị người dân tố cáo . Ông Chu Anh Tuấn bị đề nghị kỷ luật vì liên đới trách nhiệm . Hội đồng kỷ luật của UBND tỉnh Thanh Hoá đề nghị khiển trách các phó hiệu trưởng vì có liên quan đến sai phạm của trường .
vit5_soup_0.3_v1,7,True,0.16822429906542055,0.3137254901960784,0.0,0.0,13.2,"MU đang đàm phán với Mason Mount để gia hạn hợp đồng với tiền vệ N'Golo Kante theo dạng tự do. Barca tuyên bố không bán cầu thủ người Pháp vì anh đã lỡ hẹn World Cup 2022. Barca cũng được các CLB MU, Chelsea và Bayern Munich muốn có chữ ký của anh."
vit5_soup_0.3_v1,8,False,0.2333333333333333,0.6363636363636364,0.0,0.0,8.4,Hoa hậu Hà Kiều Anh đảm nhận vị trí vedette trong bộ sưu tập áo dài lấy cảm hứng từ đèn lồng của NTK Đức Hùng . Cô coi anh như một người anh trai trong gia đình .
vit5_soup_0.3_v1,9,True,0.7073170731707318,0.6382978723404256,0.0,0.0,15.0,"Bộ Văn hóa, Thể thao và Du lịch Việt Nam đã có công hàm đề nghị phía bạn xem xét sớm đưa Việt Nam vào danh sách các quốc gia thí điểm du lịch theo đoàn. Phía Trung Quốc khẳng định Việt Nam là điểm sáng trong hợp tác song phương."
vit5_soup_0.3_v1,10,False,0.09756097560975609,0.5111111111111111,0.0,0.0,11.9,Tổng thống Donald Trump tiếc nuối khi nhắc đến cuộc sống trước khi vào Nhà Trắng . Ông Trump đã quen với việc được mật vụ bảo vệ 24/24 và làm việc với các đối tác trên thế giới qua điện thoại từ khi còn là một doanh nhân .
vit5_soup_0.3_v1,11,True,0.1923076923076923,0.48,0.0,0.0,13.0,"Cổ phiếu bất động sản vẫn tăng dù VN-Index mất mốc 1.200 điểm. Trong khi đó, nhóm chứng khoán vẫn duy trì sắc xanh trên sàn HOSE."
vit5_soup_0.3_v2,0,True,0.07142857142857144,0.7920792079207921,0.0,0.0,22.7,"Trong khoảng 2 giờ làm việc, CSGT xử phạt 9 trường hợp vi phạm nồng độ cồn. Anh C. cho hay mình là sinh viên năm 2 một trường đại học tại TP.HCM, ngày 30.9 trường có tổ chức đại hội, anh cùng nhóm bạn vào quán uống vài xị rượu cho vui. CSGT mời anh C. vào lề, kiểm tra thì kết quả là 0,620 mg/lít khí"
vit5_soup_0.3_v2,1,True,0.16296296296296295,0.7362637362637363,0.0,0.0,19.8,"Trong 6 tháng đầu năm 2021, VN-Index liên tiếp lập những đỉnh cao mới và đóng cửa phiên giao dịch ngày 30/6 tại 1.408,55 điểm, tăng 27,6% so với đầu năm và là một trong những thị trường chứng khoán tăng mạnh nhất thế giới. 3 ông Trần Đình Long, Nguyễn Văn Đạt và Nguyễn Đức Thụy có tài sản tăng 109.0"
vit5_soup_0.3_v2,2,True,0.015384615384615384,0.6938775510204082,0.0,0.0,20.1,"Alexis Sanchez chuyển từ Barca đến Arsenal năm 2014. Anh ghi 60 bàn trong hơn 120 trận tại Ngoại hạng Anh, dù không giành được danh hiệu lớn, lối chơi máu lửa, tinh quái và kỹ thuật của anh được đánh giá cao. Tuy nhiên, sau một mùa rưỡi ở Arsenal, Ozil chỉ ghi được năm bàn trên mọi đấu trường và đầu"
vit5_soup_0.3_v2,3,False,0.08275862068965519,0.4727272727272727,0.0,0.008928571428571428,25.4,"Nga và Thổ Nhĩ Kỳ đã ký thoả thuận tạo lập vùng giảm căng thẳng để ngăn cuộc tấn công đẫm máu vào Idlib . Quân nổi dậy thường xuyên tấn công vào các cơ sở hạ tầng và các mục tiêu của quân đội Syria dọc biên giới tỉnh Idlib . Tuy nhiên, lực lượng nổi dậy tại đây đã sử dụng dàn hoả lực hạng nặng của S"
vit5_soup_0.3_v2,4,False,0.5565217391304349,0.8292682926829268,0.0,0.0,23.7,"NTK Quỳnh Paris và ê - kíp đang gấp rút chuẩn bị các khâu cuối cùng để hoàn thành hơn 100 bộ trang phục cho vở nhạc kịch Nhà thiện xạ sắp ra mắt . Đây là chương trình tư vấn không chi phí cho các doanh nhân , nữ lãnh đạo từ nhiều nơi khác nhau . Quỳnh Paris đã mang đến cho phái đẹp những kinh nghiệm"
vit5_soup_0.3_v2,5,True,0.10101010101010101,0.819672131147541,0.0,0.0,13.8,"Theo Fabrizio Romano, Real Madrid sẽ đàm phán với Borussia Dortmund các cấu trúc về điều khoản giá trị tăng thêm trong hợp đồng chuyển nhượng Jude Bellingham, từ chối lời đề nghị từ các CLB ở Ngoại hạng Anh như Liverpool, M.U và Man City. Real Madrid đang xây dựng 1 ""dải ngân hà"" mới với các ngôi sa"
vit5_soup_0.3_v2,6,False,0.08264462809917356,0.6730769230769231,0.0,0.028037383177570093,26.2,"Hội đồng kỷ luật của UBND tỉnh Thanh Hoá đề nghị khiển trách ông Chu Anh Tuấn - Hiệu trưởng Trường THPT chuyên Lam Sơn vì liên đới trách nhiệm . Ông Tuấn bị đề nghị kỷ luật do không thực hiện nghiêm quy định của pháp luật và chỉ đạo của UBND Tỉnh Thanh Hoá . Theo kết luận, năm 2017-2019 trường ký hợ"
vit5_soup_0.3_v2,7,True,0.1476510067114094,0.65,0.0,0.0,24.5,"MU tiếp tục liên hệ Mason Mount, Arsenal sắp có Kante dạng tự do, Barca không bán De Jong là những tin bóng đá chính hôm nay, 25/4. Barcelona tuyên bố không bán cầu thủ De Jong, người sẽ đóng vai trò quan trọng trong dự án bóng đá mùa 2023-24. Barca cũng được các CLB MU, Chelsea và Bayern Munich đán"
vit5_soup_0.3_v2,8,False,0.07575757575757575,0.7321428571428571,0.0,0.008771929824561403,17.2,"Hà Kiều Anh vừa đảm nhiệm vị trí vedette trong bộ sưu tập áo dài lấy cảm hứng từ đèn lồng của NTK Đức Hùng . Đây là đêm gala đặc biệt trong khuôn khổ lễ hội Trung thu "" Thu vọng nguyệt "" của NSƯT Đức Hùng , với nhiều ngôi sao giải trí và người hâm mộ thủ đô cùng đến thưởng lãm không khí tết trung th"
vit5_soup_0.3_v2,9,True,0.5370370370370371,0.7625,0.0,0.0,23.1,"Ngày 9-2, Bộ Văn hóa, Thể thao và Du lịch Việt Nam đã có công hàm đề nghị phía bạn xem xét sớm đưa Việt Nam vào danh sách các quốc gia thí điểm du lịch theo đoàn. Việt Nam khẳng định hợp tác du lịch là điểm sáng trong hợp tác song phương. Trung Quốc là thị trường gửi khách lớn nhất của Việt Nam, Việ"
vit5_soup_0.3_v2,10,False,0.10526315789473684,0.3592233009708738,0.0,0.0,21.7,Tổng thống Donald Trump tiếc nuối khi nhắc đến cuộc sống trước khi vào Nhà Trắng . Ông chia sẻ rằng ông đã quen với việc được mật vụ bảo vệ 24/24 và những ràng buộc đi kèm . Chiến thắng của ông Trump vẫn còn trong tâm trí của ông . Ông Trump chia sẻ ông yêu cuộc sống hiện tại và mô tả sự đối lập với
vit5_soup_0.3_v2,11,True,0.09009009009009009,0.6666666666666666,0.0,0.0,21.5,"Cổ phiếu bất động sản vẫn tăng dù VN-Index mất mốc 1.200 điểm chỉ sau 1 ngày. Trong khi các mã lớn khác như VHM và VRE lại đóng cửa trong sắc đỏ. Nhóm cổ phiếu này vẫn duy trì sắc xanh đến hết phiên, trong khi nhóm chứng khoán tăng khá hơn. Tuy nhiên, trong ngắn hạn, nhiều công ty chứng khoán vẫn cả"
vit5_soup_0.5_v1,0,True,0.058823529411764705,0.5416666666666666,0.0,0.0,10.7,"Trong khoảng 2 giờ làm việc, CSGT xử phạt 9 sinh viên vi phạm nồng độ cồn vì uống mấy ly cho vui thành ăn mì cả tháng."
vit5_soup_0.5_v1,1,True,0.25742574257425743,0.5714285714285714,0.0,0.0,11.6,"Theo thống kê của tạp chí Forbes , tài sản của nhóm những người giàu nhất thị trường chứng khoán nửa đầu năm 2021 đã tăng thêm tới 109.000 tỷ đồng chỉ trong 6 tháng đầu năm. Tuy nhiên, người có tài sản tăng mạnh nhất lại không phải ông Vượng mà là ông Bùi Thành Nhơn, Chủ tịch Novaland."
vit5_soup_0.5_v1,2,True,0.09375000000000001,0.0,0.0,0.0,6.9,Cựu hậu vệ Man Utd Michael Ince nói rằng lý do khiến Alexis Sanchez chơi hay ở Arsenal là do bên cạnh Ozil có sự khác biệt về phong độ và lối chơi của anh.
vit5_soup_0.5_v1,3,False,0.05825242718446602,0.6190476190476191,0.0,0.0,15.1,"Quân đội Syria đã triển khai dàn pháo hạng nặng của Damascus tới tỉnh Idlib , nơi được xem là thành trì cuối cùng của các tay súng phiến quân hồi giáo ở Syria và nhiều nhóm vũ trang hoạt động trái phép khác . Dàn pháo của Damascus đã san phẳng kho vũ khí đạn dược , các máy bay không người lái gắn bo"
vit5_soup_0.5_v1,4,False,0.7529411764705882,0.9215686274509803,0.0,0.0,13.7,"NTK Quỳnh Paris và ê - kíp đang gấp rút chuẩn bị các khâu cuối cùng để hoàn thành hơn 100 bộ trang phục cho vở nhạc kịch Nhà thiện xạ sắp ra mắt . Hai nữ doanh nhân được Quỳnh Paris tư vấn , thực hiện Đánh thức nét đẹp tiềm ẩn  tạo nên phong cách mới ."
vit5_soup_0.5_v1,5,True,0.16666666666666666,0.5652173913043478,0.0,0.0,11.6,"Theo Fabrizio Romano , Real Madrid sẽ đàm phán với Borussia Dortmund các cấu trúc tăng thêm trong hợp đồng chuyển nhượng Jude Bellingham trong tuần này và sẽ phải chia tay tiền đạo Marco Asensio khi ngôi sao người Tây Ban Nha này không đồng ý gia hạn hợp đồng ."
vit5_soup_0.5_v1,6,False,0.19230769230769232,0.41379310344827586,0.0,0.0,9.2,Ông Chu Anh Tuấn - Hiệu trưởng Trường THPT chuyên Lam Sơn ( Thanh Hoá ) bị khiển trách do ký hợp đồng làm việc với ba giáo viên và lập quỹ khuyến học trái phép .
vit5_soup_0.5_v1,7,True,0.19130434782608696,0.47540983606557374,0.0,0.0,18.3,"MU tiếp tục liên hệ với tiền vệ đa năng Mason Mount , Arsenal sắp có Kante dạng tự do, Barca tuyên bố không bán De Jong Frenkie de Jong là những tin bóng đá chính hôm nay, 25/4. MU đang nỗ lực để đạt thỏa thuận với Mount và Arsenal sẽ ký hợp đồng với N'Golo Kante theo dạng chuyển nhượng tự do."
vit5_soup_0.5_v1,8,False,0.27999999999999997,0.6086956521739131,0.0,0.0,10.4,Hoa hậu Hà Kiều Anh vừa đảm nhiệm vị trí vedette trong bộ sưu tập áo dài lấy cảm hứng từ đèn lồng của NTK Đức Hùng .
vit5_soup_0.5_v1,9,True,0.6595744680851064,0.5901639344262295,0.0,0.0,14.7,"Bộ Văn hóa, Thể thao và Du lịch Việt Nam vừa có công hàm đề nghị Trung Quốc xem xét sớm đưa Việt Nam vào danh sách 20 quốc gia thí điểm du lịch theo đoàn . Phía bạn khẳng định Việt Nam là địa bàn trọng điểm của du lịch Trung Quốc và cần thêm thời gian để phối hợp đồng bộ các cơ quan."
vit5_soup_0.5_v1,10,False,0.1818181818181818,0.43333333333333335,0.0,0.0,9.1,"Tổng thống Mỹ Donald Trump tiếc nuối khi nhắc đến cuộc sống trước khi vào Nhà Trắng và cho biết ông đã quen với việc không có sự riêng tư trong "" cuộc sống cũ "" ."
vit5_soup_0.5_v1,11,True,0.1923076923076923,0.6,0.0,0.0,9.8,Cổ phiếu bất động sản vẫn tăng dù VN-Index mất mốc 1.200 điểm chỉ sau 1 ngày. Trong khi đó nhóm chứng khoán lại giảm khá hơn.
vit5_soup_0.5_v2,0,True,0.0425531914893617,0.9642857142857143,0.0,0.05084745762711865,14.4,"Sinh viên bị CSGT lập biên bản xử phạt 4,5 triệu đồng, tước bằng lái xe 17 tháng, tạm giữ xe 7 ngày. Trong khoảng 2 giờ làm việc, CSGT xử phạt 9 trường hợp vi phạm nồng độ cồn TRẦN DUY KHÁNH Xem nhanh 20h: Nam sinh viên nói gì khi bị xử phạt vi phạm Nồng độ cồn?"
vit5_soup_0.5_v2,1,True,0.1473684210526316,0.9183673469387755,0.0,0.0,14.2,"Trong khi đó, tài sản ông Phạm Nhật Vượng, Chủ tịch Vingroup nửa đầu năm nay tăng thêm 20.700 tỷ đồng, tương ứng tăng 10% so với đầu năm. Trong đó, ông Nguyễn Đức Thụy lần đầu tiên lọt vào top 10 người giàu nhất nhờ giá cổ phiếu Thaiholdings lên cao."
vit5_soup_0.5_v2,2,True,0.061538461538461535,0.875,0.0,0.0,8.6,"""Thật lạ khi nói về trường hợp của Alexis Sanchez"", Ince nói trên trang Paddy Power . ""Chúng ta cứ nói nhiều về sự sa sút của Sanchez, nhưng không mấy ai để ý đến Mesut Ozil."
vit5_soup_0.5_v2,3,False,0.09900990099009901,0.8983050847457628,0.0,0.0,15.3,"Quân đội Syria đã triển khai tới gần làng Kabani , nằm ở độ cao chiến lược , có tầm nhìn với toàn bộ khu đồng bằng Al - Ghab . Ngoài ra , các phần tử khủng bố tại Idlib sử dụng cơ sở vật chất sẵn có của vùng đất này để phát động các cuộc tấn công nhằm vào các khu vực khác của Syria ."
vit5_soup_0.5_v2,4,False,0.7191011235955056,0.8545454545454545,0.0,0.0,15.6,"NTK Quỳnh Paris và ê - kíp đang gấp rút chuẩn bị các khâu cuối cùng để hoàn thành hơn 100 bộ trang phục cho vở nhạc kịch Nhà thiện xạ sắp ra mắt . Nhà hát TP. HCM , hai nữ doanh nhân được Quỳnh Paris tư vấn , thực hiện Đánh thức nét đẹp tiềm ẩn  tạo nên phong cách mới ."
vit5_soup_0.5_v2,5,True,0.06521739130434782,1.0,0.0,0.0,15.5,"Cùng với Jude Bellingham, Real Madrid đang xây dựng 1 ""dải ngân hà"" mới với các ngôi sao như Rodrygo và Vinicius AFP Với thông tin sắp chiêu mộ thành công , Real Madrid có thể phải chia tay tiền đạo Marco Asensio, khi ngôi sao 27 tuổi người Tây Ban Nha này không đồng ý gia hạn hợp đồng."
vit5_soup_0.5_v2,6,False,0.04878048780487805,0.7936507936507936,0.42857142857142855,0.0,19.2,"Trường THPT chuyên Lam Sơn được phát triển từ Trường Trung học Thanh Hoá ( Collège de Thanh Hoá ) , thành lập năm 1931 . Nhiều năm học 2016-2017 và 20 17-2 018 , trường Lam Sơn không được cấp phép dạy thêm , học thêm , nhưng vẫn tổ chức cho tất cả lớp học thêm từ thứ hai đến thứ sáu , thu tiền dạy t"
vit5_soup_0.5_v2,7,True,0.17142857142857143,0.92,0.0,0.0,14.8,"MU liên hệ Mason Mount, Arsenal sắp có Kante dạng tự do, Barca không bán De Jong là những tin bóng đá chính hôm nay, 25/4. Arsenal ký Kante TodoFichajes đưa tin, Arsenal đang tiến gần đến việc ký hợp đồng với tiền vệ N'Golo Kante theo dạng chuyển nhượng tự do."
vit5_soup_0.5_v2,8,False,0.1188118811881188,0.8987341772151899,0.0,0.0,13.9,"Mới đây , Hà Kiều Anh vinh dự đảm nhiệm vị trí vedette trong bộ sưu tập áo dài lấy cảm hứng từ đèn lồng trong đêm gala đặc biệt chương trình "" Thu vọng nguyệt "" của NTK áo dài hàng đầu Việt Nam  NSƯT Đức Hùng . Đêm gala đã trình diễn những mẫu áo dài mới nhất dựa theo ý tưởng của đêm rằm trung thu c"
vit5_soup_0.5_v2,9,True,0.21782178217821782,0.8676470588235294,0.0,0.0,18.5,"Trước đại dịch COVID-19, Việt Nam luôn chiếm vị trí top 5 quốc gia hàng đầu gửi khách đến Trung Quốc, đây là mối quan hệ cùng có lợi, cùng thắng. Thông tin Việt Nam không có trong danh sách 20 quốc gia thí điểm du lịch theo đoàn mà Trung Quốc đưa ra cũng ảnh hưởng tới tốc độ hồi phục thị trường du l"
vit5_soup_0.5_v2,10,False,0.02105263157894737,0.95,0.0,0.0,13.8,"Hơn 5 tháng sau chiến thắng và 100 ngày bước chân vào Nhà Trắng , chiến thắng của cuộc bầu cử vẫn còn trong tâm trí của ông . Khi còn là một doanh nhân , ông Trump điều hành mọi hoạt động kinh doanh của ông từ tầng 26 của toà tháp Trump và làm việc với các đối tác trên thế giới qua điện thoại ."
vit5_soup_0.5_v2,11,True,0.030303030303030307,0.8974358974358975,0.0,0.0,16.9,"VN-Index giảm 3,51 điểm xuống 1.197,33 điểm, đánh mất mốc 1.200 điểm chỉ sau 1 ngày. Trong khi các giảm nhiều thì nhóm chứng khoán tăng khá hơn, bao gồm SSI, HCM, VDS, VIX, MBS, FTS, VND, BMS..."
vit5_soup_0.5_v3,0,True,0.09195402298850576,0.7333333333333333,0.0,0.0,12.3,"Sinh viên bị CSGT xử phạt vi phạm nồng độ cồn: Uống mấy ly cho vui thành ăn mì cả tháng CSGT Hàng Xanh lập biên bản vi phạm hành chính, xử phạt 4,5 triệu đồng, tước bằng lái xe 23 tháng và tạm giữ xe 7 ngày."
vit5_soup_0.5_v3,1,True,0.22916666666666666,0.38461538461538464,0.0,0.0,16.1,"Tài sản của nhóm người giàu nhất thị trường chứng khoán nửa đầu năm 2021 đã tăng thêm tới 109.000 tỷ đồng chỉ trong 6 tháng đầu năm. Trong đó, ông Bùi Thành Nhơn, Chủ tịch Novaland, có tài sản tăng gần gấp 3 lần hồi đầu năm, nhờ giá cổ phiếu Thaiholdings lên cao."
vit5_soup_0.5_v3,2,True,0.03508771929824562,0.2916666666666667,0.0,0.0,7.1,Alexis Sanchez chơi rất hay ở Arsenal. Anh ghi được 60 bàn trong hơn 120 trận tại Ngoại hạng Anh và bị đem cho Inter mượn năm 2018.
vit5_soup_0.5_v3,3,False,0.11627906976744187,0.3541666666666667,0.0,0.02,11.7,Quân đội Syria đã triển khai dàn pháo hạng nặng của Damascus tới tỉnh Idlib để tiêu diệt các mục tiêu của quân đội Syria dọc biên giới . Dàn pháo của Damascus đã san phẳng kho vũ khí đạn dược và máy bay không người lái gắn bom của nhóm khủng bố .
vit5_soup_0.5_v3,4,False,1.0,1.0,0.0,0.0,15.2,NTK Quỳnh Paris và ê - kíp đang gấp rút chuẩn bị các khâu cuối cùng để hoàn thành hơn 100 bộ trang phục cho vở nhạc kịch Nhà thiện xạ sắp ra mắt .
vit5_soup_0.5_v3,5,True,0.13953488372093023,0.6041666666666666,0.0,0.0,12.9,"Jude Bellingham sắp hoàn tất thương vụ chuyển nhượng sang Real Madrid, từ chối lời đề nghị từ các CLB ở Ngoại hạng Anh như Liverpool, M.U và Man City. Real Madrid đang xây dựng một ""dải ngân hà"" mới với các ngôi sao như Vinicius, Camavinga, Tchouameni, Rodrygo và Vinicius."
vit5_soup_0.5_v3,6,False,0.09090909090909091,0.4222222222222222,0.0,0.0,11.9,Ông Chu Anh Tuấn - Hiệu trưởng Trường THPT chuyên Lam Sơn bị đề nghị kỷ luật vì liên đới trách nhiệm . Hội đồng kỷ luật tỉnh Thanh Hoá đề nghị khiển trách do ông không thực hiện nghiêm quy định của pháp luật và chỉ đạo của UBND tỉnh .
vit5_soup_0.5_v3,7,True,0.19047619047619047,0.49019607843137253,0.0,0.0,16.4,"MU tiếp tục liên hệ với Mason Mount, Arsenal sắp có Kante dạng tự do, Barca không bán De Jong. Barca tuyên bố không bán cầu thủ người Pháp, Frenkie de Jong để cân bằng tài chính. Barca cũng được các CLB MU, Chelsea và Bayern Munich công khai muốn có chữ ký của Kante."
vit5_soup_0.5_v3,8,False,0.18421052631578946,0.72,0.0,0.0,9.1,"Hoa hậu Hà Kiều Anh đảm nhận vị trí vedette trong bộ sưu tập áo dài lấy cảm hứng từ đèn lồng của NTK Đức Hùng . Anh cho biết ý tưởng của BST đến từ những chiếc đèn lồng , đầu sư tử nóng , được thiết kế từ chất liệu voan , lưới và vải organza ."
vit5_soup_0.5_v3,9,True,0.7741935483870968,0.7692307692307693,0.0,0.0,10.2,"Bộ Văn hóa, Thể thao và Du lịch Việt Nam đề nghị Trung Quốc sớm đưa Việt Nam vào danh sách các quốc gia thí điểm du lịch theo đoàn."
vit5_soup_0.5_v3,10,False,0.11428571428571428,0.48484848484848486,0.0,0.0,9.0,Tổng thống Donald Trump tiếc nuối khi nhắc đến cuộc sống trước khi vào Nhà Trắng và cho biết ông đã quen với việc được mật vụ bảo vệ 24/24 và những ràng buộc đi kèm .
vit5_soup_0.5_v3,11,True,0.20408163265306126,0.5454545454545454,0.0,0.0,9.2,"Cổ phiếu bất động sản vẫn tăng dù VN-Index mất mốc 1.200 điểm. Trong khi đó, nhóm chứng khoán vẫn duy trì sắc xanh."
vit5_soup_0.5_v4,0,True,0.10619469026548671,0.875,0.0,0.0,18.0,"Trong khoảng 2 giờ làm việc, CSGT Hàng Xanh lập biên bản vi phạm hành chính, xử phạt 9 trường hợp vi phạm nồng độ cồn. Anh C. cho hay mình là sinh viên năm 2 một trường đại học tại TP.HCM, ngày 30.9 trường có tổ chức đại hội, anh cùng nhóm bạn vào quán uống vài xị rượu cho vui, khi đang lái xe về Q."
vit5_soup_0.5_v4,1,True,0.16058394160583941,0.717391304347826,0.0,0.0,20.0,"Trong 6 tháng đầu năm 2021, VN-Index liên tiếp lập những đỉnh cao mới và đóng cửa phiên giao dịch ngày 30/6 tại 1.408,55 điểm, tăng 27,6% so với đầu năm và là một trong những thị trường chứng khoán tăng mạnh nhất thế giới. 3 ông Trần Đình Long, Nguyễn Văn Đạt và Nguyễn Đức Thụy đều có tài sản tăng 1"
vit5_soup_0.5_v4,2,True,0.042105263157894736,0.3492063492063492,0.0,0.0,13.0,"Alexis Sanchez chơi hay ở Arsenal, nhưng không mấy ai để ý đến Mesut Ozil vì lối chơi máu lửa, tinh quái và kỹ thuật của anh được đánh giá cao. Ince cho rằng Ozil đã không còn là chính mình và cả hai đều sa sút kể từ khi ra đi. Ozil chơi tốt ở Arsenal và có giai đoạn dài dưới triều đại Unai Emery."
vit5_soup_0.5_v4,3,False,0.05309734513274336,0.625,0.0,0.0,18.1,"Nga và Thổ Nhĩ Kỳ đã ký thoả thuận tạo lập vùng giảm căng thẳng để ngăn cuộc tấn công đẫm máu vào Idlib . Dàn pháo hạng nặng của Syria đã san phẳng kho vũ khí đạn dược và máy bay không người lái gắn bom của nhóm khủng bố . Quân đội Syria đã triển khai tới gần làng Kabani ở độ cao chiến lược , có tầm"
vit5_soup_0.5_v4,4,False,0.761904761904762,0.86,0.0,0.0,20.2,NTK Quỳnh Paris và ê - kíp đang gấp rút chuẩn bị các khâu cuối cùng để hoàn thành hơn 100 bộ trang phục cho vở nhạc kịch Nhà thiện xạ sắp ra mắt . Đêm nhạc Opera Der Freischutz - Tay Thiện Xạ sẽ diễn ra vào ngày 28/7/18 tại Nhà hát TP. HCM .
vit5_soup_0.5_v4,5,True,0.10101010101010101,0.819672131147541,0.0,0.0,13.6,"Theo Fabrizio Romano, Real Madrid sẽ đàm phán với Borussia Dortmund các cấu trúc về điều khoản giá trị tăng thêm trong hợp đồng chuyển nhượng Jude Bellingham, từ chối lời đề nghị từ các CLB ở Ngoại hạng Anh như Liverpool, M.U và Man City. Real Madrid đang xây dựng 1 ""dải ngân hà"" mới với các ngôi sa"
vit5_soup_0.5_v4,6,False,0.09523809523809525,0.5238095238095238,0.0,0.0,12.4,Hội đồng kỷ luật của UBND tỉnh Thanh Hoá đề nghị khiển trách ông Chu Anh Tuấn - Hiệu trưởng Trường THPT chuyên Lam Sơn vì liên đới trách nhiệm . Ông Tuấn bị đề nghị kỷ luật do không thực hiện nghiêm quy định của pháp luật .
vit5_soup_0.5_v4,7,True,0.1788617886178862,0.6197183098591549,0.0,0.0,22.6,"MU tiếp tục liên hệ với Mason Mount, Arsenal sắp có Kante dạng tự do, Barca không bán De Jong là những tin bóng đá chính hôm nay, 25/4. MU đang đàm phán với tiền vệ đa năng Mason Mount để nâng cao chất lượng và chiều sâu đội hình. Barca tuyên bố không bán cầu thủ De Jong, người sẽ đóng vai trò quan "
vit5_soup_0.5_v4,8,False,0.1728395061728395,0.6181818181818182,0.0,0.0,9.6,"Hoa hậu Hà Kiều Anh vừa đảm nhiệm vị trí vedette trong bộ sưu tập áo dài lấy cảm hứng từ đèn lồng trong chương trình "" Thu vọng nguyệt "" của NTK áo dài Đức Hùng . Đây là đêm gala đặc biệt trong khuôn khổ lễ hội Trung thu được tổ chức tại Văn Miếu Quốc Tử Giám , Hà Nội ."
vit5_soup_0.5_v4,9,True,0.7741935483870968,0.7692307692307693,0.0,0.0,11.0,"Bộ Văn hóa, Thể thao và Du lịch Việt Nam đề nghị Trung Quốc sớm đưa Việt Nam vào danh sách các quốc gia thí điểm du lịch theo đoàn."
vit5_soup_0.5_v4,10,False,0.16901408450704225,0.47058823529411764,0.0,0.0,12.7,Tổng thống Mỹ Donald Trump tiếc nuối khi nhắc đến cuộc sống trước khi vào Nhà Trắng và cho biết ông đã quen với việc được mật vụ bảo vệ 24/24 và những ràng buộc đi kèm .
vit5_soup_0.5_v4,11,True,0.16666666666666669,0.5454545454545454,0.0,0.0,13.8,"Cổ phiếu bất động sản vẫn tăng dù VN-Index mất mốc 1.200 điểm chỉ sau 1 ngày. Tuy nhiên, động lực hỗ trợ cho thị trường cuối phiên chỉ còn giảm nhẹ là khá rõ."
vit5_soup_0.7_v1,0,True,0.0857142857142857,0.5,0.0,0.0,12.6,"Trong khoảng 2 giờ làm việc, CSGT TP.HCM đã xử phạt 9 sinh viên vi phạm nồng độ cồn: Uống mấy ly cho vui thành ăn mì cả tháng."
vit5_soup_0.7_v1,1,True,0.25,0.5116279069767442,0.0,0.0,11.6,"Tài sản của nhóm người giàu nhất thị trường chứng khoán nửa đầu năm 2021 đã tăng thêm tới 109.000 tỷ đồng chỉ trong 6 tháng đầu năm. Ông Phạm Nhật Vượng, Chủ tịch Vingroup và ông Bùi Thành Nhơn có tài sản tăng mạnh nhất."
vit5_soup_0.7_v1,2,True,0.15384615384615383,0.21052631578947367,0.0,0.0,5.3,Cựu tiền vệ Man Utd Anthony Ince cho rằng Alexis Sanchez chơi hay ở Arsenal là bởi vì bên cạnh anh có Ozil.
vit5_soup_0.7_v1,3,False,0.45945945945945943,0.71875,0.0,0.0,9.4,"Các phần tử khủng bố của Mặt trận al - Nusra liên tiếp phóng tên lửa , ném bom vào các khu vực dân sinh và các mục tiêu của quân đội Syria dọc biên giới tỉnh Idlib ."
vit5_soup_0.7_v1,4,False,1.0,1.0,0.0,0.0,8.4,NTK Quỳnh Paris và ê - kíp đang gấp rút chuẩn bị các khâu cuối cùng để hoàn thành hơn 100 bộ trang phục cho vở nhạc kịch Nhà thiện xạ sắp ra mắt .
vit5_soup_0.7_v1,5,True,0.3283582089552239,0.6206896551724138,0.0,0.0,8.1,"Theo chuyên gia săn thông tin chuyển nhượng Fabrizio Romano, Real Madrid sẽ đàm phán với Borussia Dortmund các cấu trúc về điều khoản tăng thêm trong hợp đồng chuyển nhượng Jude Bellingham."
vit5_soup_0.7_v1,6,False,0.15,0.47058823529411764,0.0,0.0,7.9,"Ông Chu Anh Tuấn , Hiệu trưởng Trường THPT chuyên Lam Sơn , bị đề nghị kỷ luật vì liên đới trách nhiệm ."
vit5_soup_0.7_v1,7,True,0.22399999999999998,0.5211267605633803,0.0,0.0,22.9,"MU tiếp tục liên hệ với Mason Mount, Arsenal sắp có Kante dạng tự do, Barca tuyên bố không bán Frenkie de Jong là những tin bóng đá chính hôm nay, 25/4. MU đang nỗ lực đàm phán với tiền vệ đa năng Mason Mount để nâng cao chất lượng và chiều sâu đội hình. Arsenal đang tiến gần đến việc ký hợp đồng vớ"
vit5_soup_0.7_v1,8,False,0.21818181818181817,0.5714285714285714,0.0,0.0,5.3,"Hoa hậu Hà Kiều Anh vừa có màn trình diễn áo dài lấy cảm hứng từ đèn lồng trong đêm gala đặc biệt chương trình "" Thu vọng nguyệt "" của NSƯT Đức Hùng ."
vit5_soup_0.7_v1,9,True,0.7741935483870968,0.7692307692307693,0.0,0.0,10.1,"Bộ Văn hóa, Thể thao và Du lịch Việt Nam đề nghị Trung Quốc sớm đưa Việt Nam vào danh sách các quốc gia thí điểm du lịch theo đoàn."
vit5_soup_0.7_v1,10,False,0.12903225806451615,0.28,0.0,0.0,7.0,"Tổng thống Donald Trump cho biết ông đã quen với cuộc sống trước khi bước chân vào Nhà Trắng và cảm thấy bị "" truyền thông đối xử bất công "" ."
vit5_soup_0.7_v1,11,True,0.20408163265306126,0.5,0.0,0.0,8.3,"Cổ phiếu bất động sản vẫn tăng dù VN-Index mất mốc 1.200 điểm. Trong khi đó, nhóm chứng khoán lại tiếp tục giảm mạnh."
vit5_soup_0.7_v2,0,True,0.08333333333333333,0.35714285714285715,0.0,0.0,9.7,"Trong khoảng 2 giờ làm việc, CSGT TP.HCM đã xử phạt 9 sinh viên vi phạm nồng độ cồn, tước bằng lái xe 23 tháng và tạm giữ xe 7 ngày."
vit5_soup_0.7_v2,1,True,0.13636363636363635,0.5813953488372093,0.0,0.0,15.5,"Thống kê cho thấy tài sản của top 10 người giàu nhất thị trường đã tăng thêm tới 109.000 tỷ đồng chỉ trong 6 tháng đầu năm 2021. Ông Phạm Nhật Vượng, Chủ tịch Vingroup nửa đầu năm nay tăng 27,6% so với đầu năm."
vit5_soup_0.7_v2,2,True,0.13333333333333333,0.1724137931034483,0.0,0.0,6.7,Cựu tiền vệ Man Utd Anthony Ince tiết lộ rằng Mesut Ozil từng là cầu thủ hay nhất Ngoại hạng Anh và đã trở thành cầu thủ tấn công hay nhất của Arsenal.
vit5_soup_0.7_v2,3,False,0.3366336633663366,0.7166666666666667,0.0,0.0,15.6,"Các phần tử khủng bố của Mặt trận al - Nusra liên tiếp phóng tên lửa , ném bom vào các khu vực dân sinh và các mục tiêu của quân đội Syria dọc biên giới của tỉnh Idlib . Mặc dù không ai thiệt mạng và bị thương sau các vụ tấn công của quân nổi dậy , nhưng thiệt hại về vật chất là rất lớn ."
vit5_soup_0.7_v2,4,False,1.0,1.0,0.0,0.0,12.2,NTK Quỳnh Paris và ê - kíp đang gấp rút chuẩn bị các khâu cuối cùng để hoàn thành hơn 100 bộ trang phục cho vở nhạc kịch Nhà thiện xạ sắp ra mắt .
vit5_soup_0.7_v2,5,True,0.3235294117647059,0.40625,0.0,0.0,7.7,"Theo chuyên gia săn thông tin chuyển nhượng Fabrizio Romano, Real Madrid sẽ đàm phán với Borussia Dortmund về điều khoản tăng thêm trong hợp đồng chuyển nhượng Jude Bellingham từ Borussia Dortmund sang Real Madrid."
vit5_soup_0.7_v2,6,False,0.14285714285714282,0.3684210526315789,0.0,0.0,7.9,Ông Chu Anh Tuấn - Hiệu trưởng Trường THPT chuyên Lam Sơn ( Thanh Hoá ) bị đề nghị khiển trách do liên đới trách nhiệm .
vit5_soup_0.7_v2,7,True,0.22399999999999998,0.5211267605633803,0.0,0.0,23.2,"MU tiếp tục liên hệ với Mason Mount, Arsenal sắp có Kante dạng tự do, Barca tuyên bố không bán Frenkie de Jong là những tin bóng đá chính hôm nay, 25/4. MU đang nỗ lực đàm phán với tiền vệ đa năng Mason Mount để nâng cao chất lượng và chiều sâu đội hình. Arsenal đang tiến gần đến việc ký hợp đồng vớ"
vit5_soup_0.7_v2,8,False,0.2545454545454545,0.5517241379310345,0.0,0.0,6.0,"Hoa hậu Hà Kiều Anh vừa trở thành vedette trong bộ sưu tập áo dài lấy cảm hứng từ đèn lồng trong chương trình "" Thu vọng nguyệt "" của NTK áo dài Đức Hùng ."
vit5_soup_0.7_v2,9,True,0.7741935483870968,0.7692307692307693,0.0,0.0,10.4,"Bộ Văn hóa, Thể thao và Du lịch Việt Nam đề nghị Trung Quốc sớm đưa Việt Nam vào danh sách các quốc gia thí điểm du lịch theo đoàn."
vit5_soup_0.7_v2,10,False,0.19047619047619047,0.2692307692307692,0.0,0.0,7.3,"Tổng thống Mỹ Donald Trump cho biết ông đã quen với cuộc sống trước khi bước chân vào Nhà Trắng và cảm thấy bị "" truyền thông đối xử bất công "" ."
vit5_soup_0.7_v2,11,True,0.18867924528301888,0.4074074074074074,0.0,0.0,9.5,"Cổ phiếu bất động sản vẫn tăng dù VN-Index mất mốc 1.200 điểm sau 1 ngày. Trong khi đó, nhóm chứng khoán vẫn tăng khá mạnh trên sàn HOSE."
vit5_trong269_text_summarization,0,True,0.07352941176470588,0.19,0.3333333333333333,0.0196078431372549,22.3,"thấy bạn nhậu say, ông T. ra hiệu dừng xe kiểm tra thì thấy nồng độ cồn trong khí thở là 0,620 mg/lít khí thở. Chủ xe nói muốn uống bia cho vui nhưng không uống được. CSGT Hàng Xanh lập biên bản xử phạt 4,5 triệu đồng. Tạm giữ xe 7 ngày. Anh C. được CSGT hàng xanh thưởng 10.000 đồng. Trong 2 giờ làm"
vit5_trong269_text_summarization,1,True,0.16176470588235295,0.13,0.25,0.0196078431372549,20.2,"nửa đầu năm 2021, nhóm người giàu nhất thị trường chứng khoán tăng thêm 10.000 tỷ đồng, cao gấp 3 lần hồi đầu năm. Tuy nhiên, nhìn vào tổng tài sản, có thể thấy người có nhiều tài sản nhất lại là ông Bùi Thành Nhơn. Người có nhiều tiền nhất trong danh sách này lại là bà Nguyễn Thị Phương Thảo, Chủ t"
vit5_trong269_text_summarization,2,True,0.0291970802919708,0.06481481481481481,1.0,0.0,20.3,"Alexis Sanchez chơi rất hay ở Arsenal, nhưng dường như anh đã mất đi hình ảnh của một cầu thủ xuất chúng. Alexis có thể nói về sự sa sút của mình nếu như không có sự hỗ trợ từ các đồng đội. Sanchez giờ đây đã là một trong những cầu thủ tấn công hay nhất Ngoại hạng Anh"", Ince viết trên trang Paddy Po"
vit5_trong269_text_summarization,3,False,0.10256410256410256,0.1623931623931624,0.0,0.0,25.9,"dàn hoả lực hạng nặng của Syria đã san phẳng các cơ sở của quân đội Syria , tiêu diệt hiệu quả các phần tử khủng bố ở Idlib . điều này khiến người dân lo lắng là cuộc tấn công có thể gây thiệt hại nhiều về vật chất lẫn kinh tế . Ankara đang cân nhắc phương án tấn công quân sự nếu phát hiện các vũ kh"
vit5_trong269_text_summarization,4,False,0.2835820895522388,0.12149532710280374,0.3333333333333333,0.0,24.5,"NTK Quỳnh Paris với hơn 100 bộ trang phục cho vở nhạc kịch Nhà thiện xạ vừa ra mắt sáng 26/7 . Đêm nhạc Opera Der Freischutz - Tay Thiện Xạ sẽ trở thành đêm nhạc kịch mãn nhãn cho giới doanh nhân . Bên cạnh đó , ê - kíp còn phải gấp rút hoàn thành những trang phục cuối cùng để kịp ra mắt khán giả . "
vit5_trong269_text_summarization,5,True,0.18705035971223022,0.15315315315315314,0.0,0.0,21.4,"theo các chuyên gia săn thông tin chuyển nhượng người Ý, Jude Bellingham sẽ hoàn tất thương vụ chuyển nhượng từ Borussia Dortmund đến Real Madrid trong tuần này. Real Madrid sẽ đàm phán về hợp đồng chuyển nhượng với Borussia Dortmund. Bên cạnh đó, Real Madrid cũng có thể phải chia tay tiền đạo Marco"
vit5_trong269_text_summarization,6,False,0.09523809523809525,0.14545454545454545,0.0,0.008928571428571428,25.9,"do sức khoẻ giảm sút , sức khoẻ yếu do tuổi tác cộng với một số lý do cá nhân khác , hiệu trưởng trường THPT chuyên Lam Sơn đã tự ý nghỉ hưu trước tuổi . Ngoài ra , trường còn có nhiều sai phạm khác . lãnh đạo trường sẽ bị kiểm điểm rút kinh nghiệm . đồng thời , trường sẽ có quyết định kỷ luật đối v"
vit5_trong269_text_summarization,7,True,0.09271523178807947,0.07407407407407407,0.0,0.00909090909090909,24.5,"MU liên hệ Mason Mount, Arsenal sắp có Kante Tiền vệ người Pháp sẽ ở lại Chelsea sau thời gian chấn thương. Barcelona muốn gia hạn hợp đồng với cầu thủ người Pháp. MU đàm phán về chuyển nhượng, Barca không bán De Jong. MU và Bayern Munich muốn có thêm Kante. Barca muốn có De Jong ở lại Barca. Barca "
vit5_trong269_text_summarization,8,False,0.112,0.08490566037735849,0.0,0.0,17.4,"hoa hậu Hà Kiều Anh vừa trở thành vedette trong show diễn áo dài mới nhất của NTK áo dài hàng đầu Việt Nam  NSƯT Đức Hùng . Cô được mệnh danh "" bà mẹ 3 con "" khi tham gia show diễn đầu tiên tại trung tâm hội nghị quốc gia được tổ chức tại Hà Nội . Trước đó , cô từng đoạt giải nhất trong cuộc thi ngư"
vit5_trong269_text_summarization,9,True,0.28776978417266186,0.17699115044247787,0.0,0.0,27.8,"trong khi không có Việt Nam trong danh sách 20 quốc gia thí điểm du lịch theo đoàn thì Trung Quốc lại hạn chế du khách đến Việt Nam . Việt Nam cũng không có trong danh mục các quốc gia thử nghiệm này. Lãnh đạo hai nước đã có công hàm gửi Bộ Văn hóa, Thể thao và Du lịch Trung Quốc. Việt Nam là điểm đ"
vit5_trong269_text_summarization,10,False,0.04081632653061224,0.07079646017699115,0.0,0.0,23.6,"Tổng thống Mỹ dường như đã quen với cuộc sống của một người đàn ông quyền lực nhưng lại thích những điều mới mẻ trong cuộc sống . ông cho biết ông rất sợ bị "" truyền thông đối xử bất công "" khi không có mặt tại Nhà Trắng . ông cũng vậy , cảm giác rất lạ khi được bảo vệ bản thân mình trước sự ngỡ ngà"
vit5_trong269_text_summarization,11,True,0.09836065573770492,0.10810810810810811,0.0,0.035398230088495575,25.3,"cổ phiếu bất động sản vẫn tăng dù VN-Index mất mốc 1.200 điểm. Nhóm chứng khoán tăng mạnh dù nhà đầu tư xả hàng nhưng chỉ số vẫn ở mức cao, trong khi nhóm chứng khoán lại giảm mạnh. Các cổ phiếu ngành xây dựng và điện máy cũng chìm trong sắc đỏ. Nhóm cổ phiếu ngân hàng và bảo hiểm cũng chìm sâu tron"
vit5_v1,0,True,0.06976744186046512,0.5116279069767442,0.0,0.0,11.4,"Trong khoảng 2 giờ làm việc, CSGT TP.HCM đã xử phạt 9 trường hợp vi phạm nồng độ cồn. Nhiều sinh viên cho hay mình là sinh viên năm 2 một trường đại học, uống vài ly bia không nghĩ trên đường về sẽ gặp CSGT."
vit5_v1,1,True,0.10666666666666667,0.4482758620689655,0.0,0.0,7.6,Thống kê cho thấy tài sản của nhóm người giàu nhất thị trường chứng khoán nửa đầu năm 2021 đã tăng thêm tới 109.000 tỷ đồng chỉ trong 6 tháng đầu năm.
vit5_v1,2,True,0.16666666666666669,0.0,0.0,0.0,5.6,Cựu tiền vệ Man Utd Anthony Ince cho rằng Alexis Sanchez có thể kết nối tốt hơn với Ozil.
vit5_v1,3,False,0.45333333333333337,0.7878787878787878,0.0,0.0,9.3,"Các phần tử khủng bố của Mặt trận al - Nusra liên tiếp phóng tên lửa , ném bom vào các khu vực dân sinh và các mục tiêu của quân đội Syria dọc biên giới của tỉnh Idlib ."
vit5_v1,4,False,0.9180327868852458,0.8846153846153846,0.0,0.0,7.8,NTK Quỳnh Paris đang gấp rút chuẩn bị các khâu cuối cùng để hoàn thành hơn 100 bộ trang phục cho vở nhạc kịch Nhà thiện xạ sắp ra mắt .
vit5_v1,5,True,0.4411764705882353,0.13793103448275862,0.0,0.0,8.6,"Theo nhà báo chuyên gia săn thông tin chuyển nhượng Fabrizio Romano, Real Madrid đang đàm phán với Borussia Dortmund để chiêu mộ tiền đạo Jude Bellingham với mức phí 100 triệu euro."
vit5_v1,6,False,0.14285714285714282,0.3684210526315789,0.0,0.0,7.9,Ông Chu Anh Tuấn - Hiệu trưởng Trường THPT chuyên Lam Sơn ( Thanh Hoá ) bị đề nghị khiển trách do liên đới trách nhiệm .
vit5_v1,7,True,0.18,0.6136363636363636,0.0,0.0,12.3,"MU tiếp tục đàm phán với tiền vệ đa năng Mason Mount và Arsenal sắp có N'Golo Kante theo dạng chuyển nhượng tự do. Barca tuyên bố không bán Frenkie de Jong, người sẽ đóng vai trò quan trọng trong dự án bóng đá mùa 2023-24."
vit5_v1,8,False,0.22222222222222224,0.6071428571428571,0.0,0.0,6.1,Hoa hậu Hà Kiều Anh vừa trở thành vedette trong bộ sưu tập áo dài lấy cảm hứng từ đèn lồng của NTK áo dài hàng đầu Việt Nam  NSƯT Đức Hùng .
vit5_v1,9,True,0.7741935483870968,0.7692307692307693,0.0,0.0,9.7,"Bộ Văn hóa, Thể thao và Du lịch Việt Nam đề nghị Trung Quốc sớm đưa Việt Nam vào danh sách các quốc gia thí điểm du lịch theo đoàn."
vit5_v1,10,False,0.17647058823529413,0.25806451612903225,0.0,0.0,9.5,"Tổng thống Mỹ Donald Trump cho biết ông đã quen với cuộc sống trước khi bước chân vào Nhà Trắng , nhưng vẫn thường xuyên liên lạc với các đối tác cũ để xin lời khuyên ."
vit5_v1,11,True,0.044444444444444446,0.6111111111111112,0.0,0.0,8.6,"VN-Index tiếp tục giảm 3,51 điểm xuống 1.197,33 điểm, đánh mất mốc 1.200 điểm sau 1 ngày."
vit5_v2,0,True,0.03508771929824561,0.9459459459459459,0.0,0.0,18.2,"Anh C. bị CSGT lập biên bản xử phạt 4,5 triệu đồng, tước bằng lái xe 17 tháng, tạm giữ xe 7 ngày. Làm việc với CSGT, anh C. cho hay mình là sinh viên năm 2 một trường đại học tại TP.HCM, ngày 30.9, trường có tổ chức đại hội, anh cùng nhóm bạn vào quán uống vài xị rượu cho vui, khi đang lái xe về Q.1"
vit5_v2,1,True,0.1272727272727273,0.9076923076923077,0.0,0.0,14.1,"Trong khi đó, tài sản ông Phạm Nhật Vượng, Chủ tịch Vingroup nửa đầu năm nay tăng thêm 20.700 tỷ đồng, tương ứng tăng 10% so với đầu năm. Trong đó, ông Nguyễn Đức Thụy lần đầu tiên lọt vào top 10 người giàu nhất, nhờ giá cổ phiếu Thaiholdings lên cao, đồng thời bản thân ông Thụy mua thêm một lượng l"
vit5_v2,2,True,0.028571428571428574,1.0,0.0,0.0,8.8,"""Thật lạ khi nói về trường hợp của Alexis Sanchez"", Ince nói trên trang Paddy Power . ""Nhìn lại những tháng ngày của cậu ấy ở Arsenal, đó là một trong những cầu thủ tấn công hay nhất của Ngoại hạng Anh."
vit5_v2,3,False,0.06382978723404256,0.9259259259259259,0.0,0.0,16.9,"Khu vực phía Đông Bắc nằm sát Thổ Nhĩ Kỳ và tỉnh Idlib vẫn đang do khủng bố nắm quyền kiểm soát . Ngoài ra , các phần tử khủng bố tại Idlib sử dụng cơ sở vật chất sẵn có của vùng đất này để phát động các cuộc tấn công nhằm vào các khu vực khác của Syria ."
vit5_v2,4,False,0.5614035087719299,0.9529411764705882,0.0,0.011494252873563218,20.7,"NTK Quỳnh Paris và ê - kíp đang gấp rút chuẩn bị các khâu cuối cùng để hoàn thành hơn 100 bộ trang phục cho vở nhạc kịch Nhà thiện xạ sắp ra mắt , Đêm nhạc Opera Der Freischutz - Tay Thiện Xạ do chính đạo diễn người Đức David Hermann dàn dựng , nhạc trưởng Askan Geisler chỉ huy ban nhạc và NTk Quỳnh"
vit5_v2,5,True,0.07407407407407407,0.92,0.0,0.0,21.1,"Sau khi kết thúc mùa giải, cùng các tin đồn sắp chuyển sang Real Madrid, Jude Bellingham đã có những động thái chia tay đội bóng Đức khi cùng mẹ của mình đến tặng quà các đồng đội tại sân tập của CLB Borussia Dortmund. Cùng với Jude Mikingham, Real Madrid đang xây dựng 1 ""dải ngân hà"" mới với các ng"
vit5_v2,6,False,0.0,0.9130434782608695,0.0,0.020833333333333332,13.2,"Trường THPT chuyên Lam Sơn được phát triển từ Trường Trung học Thanh Hoá ( Collège de Thanh Hoá ), thành lập năm 1931 . Nhiều thập kỷ qua , trường chuyên Lam SƠN liên tục có học sinh giành giải cao trong các kỳ thi học sinh giỏi quốc gia và quốc tế ."
vit5_v2,7,True,0.11904761904761905,0.8928571428571429,0.0,0.0,12.0,"MU liên hệ Mason Mount. Arsenal ký Kante TodoFichajes đưa tin, Arsenal đang tiến gần đến việc ký hợp đồng với tiền vệ N'Golo Kante theo dạng chuyển nhượng tự do."
vit5_v2,8,False,0.15999999999999998,0.9230769230769231,0.0,0.018518518518518517,11.0,"Mới đây , Hà Kiều Anh vinh dự đảm nhiệm vị trí vedette trong bộ sưu tập áo dài lấy cảm hứng từ đèn lồng trong đêm gala đặc biệt chương trình "" Thu vọng nguyệt "" của NTK áo dài hàng đầu Việt Nam  NSƯT Đức Hùng . NTK Đức Hùng và HH Hà Kiều ANH trên sân khấu ."
vit5_v2,9,True,0.29411764705882354,0.8181818181818182,0.0,0.05063291139240506,19.8,"Nhưng gần đây, Bộ Văn hóa và Du lịch Trung Quốc công bố danh sách 20 quốc gia thí điểm tổ chức du lịch theo đoàn gồm bảy nước ASEAN và một số quốc gia khác mà không có Việt Nam. Thông tin Việt Nam không có trong danh sách hai0 quốc Gia thí điểm du lịch tùy đoàn mà Trung Quốc đưa ra cũng ảnh hưởng tớ"
vit5_v2,10,False,0.035714285714285705,0.9367088607594937,0.0,0.0,17.8,"Hơn 5 tháng sau chiến thắng và 100 ngày bước chân vào Nhà Trắng , mọi hoạt động di chuyển của ông Trump đều trên một chiếc limousine hoặc SUV . "" Tôi nhớ cảm giác tự lái xe , giờ tôi không thể lái xe nữa "" , ông chia sẻ . Khi còn là một doanh nhân, ông Trump điều hành mọi hoạt dộng kinh doanh của ôn"
vit5_v2,11,True,0.023529411764705885,0.7246376811594203,0.25,0.056338028169014086,21.1,"Tổng khối lượng giao dịch của sàn HOSE đạt hơn 1,16 tỉ đơn vị, tăng hơn 27% với tổng giá trị gần 22.700 tỉ đồng, tăng gần 17% so với hôm qua. Tương tự, sàn Hà Nội có khối lượng trao dịch đạt hơn 920,4 triệu đơn vị; tăng vọt 58% so vơ một ngày trước; tổng giá Trị giao dịch đạt gần 2.000 Tỉ đồng, Tăng"
