project_class,doc_id,file_name
invoice,invoice_0000,invoice_0000.txt
invoice,invoice_0001,invoice_0001.md
invoice,invoice_0002,invoice_0002.html
invoice,invoice_0003,invoice_0003.txt
invoice,invoice_0004,invoice_0004.md
invoice,invoice_0005,invoice_0005.html
invoice,invoice_0006,invoice_0006.txt
invoice,invoice_0007,invoice_0007.md
invoice,invoice_0008,invoice_0008.html
invoice,invoice_0009,invoice_0009.txt
invoice,invoice_0010,invoice_0010.md
invoice,invoice_0011,invoice_0011.html
invoice,invoice_0012,invoice_0012.txt
invoice,invoice_0013,invoice_0013.md
invoice,invoice_0014,invoice_0014.html
invoice,invoice_0015,invoice_0015.txt
invoice,invoice_0016,invoice_0016.md
invoice,invoice_0017,invoice_0017.html
invoice,invoice_0018,invoice_0018.txt
invoice,invoice_0019,invoice_0019.md
invoice,invoice_0020,invoice_0020.html
invoice,invoice_0021,invoice_0021.txt
invoice,invoice_0022,invoice_0022.md
invoice,invoice_0023,invoice_0023.html
invoice,invoice_0024,invoice_0024.txt
invoice,invoice_0025,invoice_0025.md
invoice,invoice_0026,invoice_0026.html
invoice,invoice_0027,invoice_0027.txt
invoice,invoice_0028,invoice_0028.md
invoice,invoice_0029,invoice_0029.html
invoice,invoice_0030,invoice_0030.txt
invoice,invoice_0031,invoice_0031.md
invoice,invoice_0032,invoice_0032.html
invoice,invoice_0033,invoice_0033.txt
invoice,invoice_0034,invoice_0034.md
invoice,invoice_0035,invoice_0035.html
invoice,invoice_0036,invoice_0036.txt
invoice,invoice_0037,invoice_0037.md
invoice,invoice_0038,invoice_0038.html
invoice,invoice_0039,invoice_0039.txt
invoice,invoice_0040,invoice_0040.md
invoice,invoice_0041,invoice_0041.html
invoice,invoice_0042,invoice_0042.txt
invoice,invoice_0043,invoice_0043.md
invoice,invoice_0044,invoice_0044.html
invoice,invoice_0045,invoice_0045.txt
invoice,invoice_0046,invoice_0046.md
invoice,invoice_0047,invoice_0047.html
invoice,invoice_0048,invoice_0048.txt
invoice,invoice_0049,invoice_0049.md
invoice,invoice_0050,invoice_0050.html
invoice,invoice_0051,invoice_0051.txt
invoice,invoice_0052,invoice_0052.md
invoice,invoice_0053,invoice_0053.html
invoice,invoice_0054,invoice_0054.txt
invoice,invoice_0055,invoice_0055.md
invoice,invoice_0056,invoice_0056.html
invoice,invoice_0057,invoice_0057.txt
invoice,invoice_0058,invoice_0058.md
invoice,invoice_0059,invoice_0059.html
receipt,receipt_0000,receipt_0000.txt
receipt,receipt_0001,receipt_0001.md
receipt,receipt_0002,receipt_0002.html
receipt,receipt_0003,receipt_0003.txt
receipt,receipt_0004,receipt_0004.md
receipt,receipt_0005,receipt_0005.html
receipt,receipt_0006,receipt_0006.txt
receipt,receipt_0007,receipt_0007.md
receipt,receipt_0008,receipt_0008.html
receipt,receipt_0009,receipt_0009.txt
receipt,receipt_0010,receipt_0010.md
receipt,receipt_0011,receipt_0011.html
receipt,receipt_0012,receipt_0012.txt
receipt,receipt_0013,receipt_0013.md
receipt,receipt_0014,receipt_0014.html
receipt,receipt_0015,receipt_0015.txt
receipt,receipt_0016,receipt_0016.md
receipt,receipt_0017,receipt_0017.html
receipt,receipt_0018,receipt_0018.txt
receipt,receipt_0019,receipt_0019.md
receipt,receipt_0020,receipt_0020.html
receipt,receipt_0021,receipt_0021.txt
receipt,receipt_0022,receipt_0022.md
receipt,receipt_0023,receipt_0023.html
receipt,receipt_0024,receipt_0024.txt
receipt,receipt_0025,receipt_0025.md
receipt,receipt_0026,receipt_0026.html
receipt,receipt_0027,receipt_0027.txt
receipt,receipt_0028,receipt_0028.md
receipt,receipt_0029,receipt_0029.html
receipt,receipt_0030,receipt_0030.txt
receipt,receipt_0031,receipt_0031.md
receipt,receipt_0032,receipt_0032.html
receipt,receipt_0033,receipt_0033.txt
receipt,receipt_0034,receipt_0034.md
receipt,receipt_0035,receipt_0035.html
receipt,receipt_0036,receipt_0036.txt
receipt,receipt_0037,receipt_0037.md
receipt,receipt_0038,receipt_0038.html
receipt,receipt_0039,receipt_0039.txt
receipt,receipt_0040,receipt_0040.md
receipt,receipt_0041,receipt_0041.html
receipt,receipt_0042,receipt_0042.txt
receipt,receipt_0043,receipt_0043.md
receipt,receipt_0044,receipt_0044.html
receipt,receipt_0045,receipt_0045.txt
receipt,receipt_0046,receipt_0046.md
receipt,receipt_0047,receipt_0047.html
receipt,receipt_0048,receipt_0048.txt
receipt,receipt_0049,receipt_0049.md
receipt,receipt_0050,receipt_0050.html
receipt,receipt_0051,receipt_0051.txt
receipt,receipt_0052,receipt_0052.md
receipt,receipt_0053,receipt_0053.html
receipt,receipt_0054,receipt_0054.txt
receipt,receipt_0055,receipt_0055.md
receipt,receipt_0056,receipt_0056.html
receipt,receipt_0057,receipt_0057.txt
receipt,receipt_0058,receipt_0058.md
receipt,receipt_0059,receipt_0059.html
report,report_0000,report_0000.txt
report,report_0001,report_0001.md
report,report_0002,report_0002.html
report,report_0003,report_0003.txt
report,report_0004,report_0004.md
report,report_0005,report_0005.html
report,report_0006,report_0006.txt
report,report_0007,report_0007.md
report,report_0008,report_0008.html
report,report_0009,report_0009.txt
report,report_0010,report_0010.md
report,report_0011,report_0011.html
report,report_0012,report_0012.txt
report,report_0013,report_0013.md
report,report_0014,report_0014.html
report,report_0015,report_0015.txt
report,report_0016,report_0016.md
report,report_0017,report_0017.html
report,report_0018,report_0018.txt
report,report_0019,report_0019.md
report,report_0020,report_0020.html
report,report_0021,report_0021.txt
report,report_0022,report_0022.md
report,report_0023,report_0023.html
report,report_0024,report_0024.txt
report,report_0025,report_0025.md
report,report_0026,report_0026.html
report,report_0027,report_0027.txt
report,report_0028,report_0028.md
report,report_0029,report_0029.html
report,report_0030,report_0030.txt
report,report_0031,report_0031.md
report,report_0032,report_0032.html
report,report_0033,report_0033.txt
report,report_0034,report_0034.md
report,report_0035,report_0035.html
report,report_0036,report_0036.txt
report,report_0037,report_0037.md
report,report_0038,report_0038.html
report,report_0039,report_0039.txt
report,report_0040,report_0040.md
report,report_0041,report_0041.html
report,report_0042,report_0042.txt
report,report_0043,report_0043.md
report,report_0044,report_0044.html
report,report_0045,report_0045.txt
report,report_0046,report_0046.md
report,report_0047,report_0047.html
report,report_0048,report_0048.txt
report,report_0049,report_0049.md
report,report_0050,report_0050.html
report,report_0051,report_0051.txt
report,report_0052,report_0052.md
report,report_0053,report_0053.html
report,report_0054,report_0054.txt
report,report_0055,report_0055.md
report,report_0056,report_0056.html
report,report_0057,report_0057.txt
report,report_0058,report_0058.md
report,report_0059,report_0059.html
letter,letter_0000,letter_0000.txt
letter,letter_0001,letter_0001.md
letter,letter_0002,letter_0002.html
letter,letter_0003,letter_0003.txt
letter,letter_0004,letter_0004.md
letter,letter_0005,letter_0005.html
letter,letter_0006,letter_0006.txt
letter,letter_0007,letter_0007.md
letter,letter_0008,letter_0008.html
letter,letter_0009,letter_0009.txt
letter,letter_0010,letter_0010.md
letter,letter_0011,letter_0011.html
letter,letter_0012,letter_0012.txt
letter,letter_0013,letter_0013.md
letter,letter_0014,letter_0014.html
letter,letter_0015,letter_0015.txt
letter,letter_0016,letter_0016.md
letter,letter_0017,letter_0017.html
letter,letter_0018,letter_0018.txt
letter,letter_0019,letter_0019.md
letter,letter_0020,letter_0020.html
letter,letter_0021,letter_0021.txt
letter,letter_0022,letter_0022.md
letter,letter_0023,letter_0023.html
letter,letter_0024,letter_0024.txt
letter,letter_0025,letter_0025.md
letter,letter_0026,letter_0026.html
letter,letter_0027,letter_0027.txt
letter,letter_0028,letter_0028.md
letter,letter_0029,letter_0029.html
letter,letter_0030,letter_0030.txt
letter,letter_0031,letter_0031.md
letter,letter_0032,letter_0032.html
letter,letter_0033,letter_0033.txt
letter,letter_0034,letter_0034.md
letter,letter_0035,letter_0035.html
letter,letter_0036,letter_0036.txt
letter,letter_0037,letter_0037.md
letter,letter_0038,letter_0038.html
letter,letter_0039,letter_0039.txt
letter,letter_0040,letter_0040.md
letter,letter_0041,letter_0041.html
letter,letter_0042,letter_0042.txt
letter,letter_0043,letter_0043.md
letter,letter_0044,letter_0044.html
letter,letter_0045,letter_0045.txt
letter,letter_0046,letter_0046.md
letter,letter_0047,letter_0047.html
letter,letter_0048,letter_0048.txt
letter,letter_0049,letter_0049.md
letter,letter_0050,letter_0050.html
letter,letter_0051,letter_0051.txt
letter,letter_0052,letter_0052.md
letter,letter_0053,letter_0053.html
letter,letter_0054,letter_0054.txt
letter,letter_0055,letter_0055.md
letter,letter_0056,letter_0056.html
letter,letter_0057,letter_0057.txt
letter,letter_0058,letter_0058.md
letter,letter_0059,letter_0059.html
form,form_0000,form_0000.txt
form,form_0001,form_0001.md
form,form_0002,form_0002.html
form,form_0003,form_0003.txt
form,form_0004,form_0004.md
form,form_0005,form_0005.html
form,form_0006,form_0006.txt
form,form_0007,form_0007.md
form,form_0008,form_0008.html
form,form_0009,form_0009.txt
form,form_0010,form_0010.md
form,form_0011,form_0011.html
form,form_0012,form_0012.txt
form,form_0013,form_0013.md
form,form_0014,form_0014.html
form,form_0015,form_0015.txt
form,form_0016,form_0016.md
form,form_0017,form_0017.html
form,form_0018,form_0018.txt
form,form_0019,form_0019.md
form,form_0020,form_0020.html
form,form_0021,form_0021.txt
form,form_0022,form_0022.md
form,form_0023,form_0023.html
form,form_0024,form_0024.txt
form,form_0025,form_0025.md
form,form_0026,form_0026.html
form,form_0027,form_0027.txt
form,form_0028,form_0028.md
form,form_0029,form_0029.html
form,form_0030,form_0030.txt
form,form_0031,form_0031.md
form,form_0032,form_0032.html
form,form_0033,form_0033.txt
form,form_0034,form_0034.md
form,form_0035,form_0035.html
form,form_0036,form_0036.txt
form,form_0037,form_0037.md
form,form_0038,form_0038.html
form,form_0039,form_0039.txt
form,form_0040,form_0040.md
form,form_0041,form_0041.html
form,form_0042,form_0042.txt
form,form_0043,form_0043.md
form,form_0044,form_0044.html
form,form_0045,form_0045.txt
form,form_0046,form_0046.md
form,form_0047,form_0047.html
form,form_0048,form_0048.txt
form,form_0049,form_0049.md
form,form_0050,form_0050.html
form,form_0051,form_0051.txt
form,form_0052,form_0052.md
form,form_0053,form_0053.html
form,form_0054,form_0054.txt
form,form_0055,form_0055.md
form,form_0056,form_0056.html
form,form_0057,form_0057.txt
form,form_0058,form_0058.md
form,form_0059,form_0059.html
article,article_0000,article_0000.txt
article,article_0001,article_0001.md
article,article_0002,article_0002.html
article,article_0003,article_0003.txt
article,article_0004,article_0004.md
article,article_0005,article_0005.html
article,article_0006,article_0006.txt
article,article_0007,article_0007.md
article,article_0008,article_0008.html
article,article_0009,article_0009.txt
article,article_0010,article_0010.md
article,article_0011,article_0011.html
article,article_0012,article_0012.txt
article,article_0013,article_0013.md
article,article_0014,article_0014.html
article,article_0015,article_0015.txt
article,article_0016,article_0016.md
article,article_0017,article_0017.html
article,article_0018,article_0018.txt
article,article_0019,article_0019.md
article,article_0020,article_0020.html
article,article_0021,article_0021.txt
article,article_0022,article_0022.md
article,article_0023,article_0023.html
article,article_0024,article_0024.txt
article,article_0025,article_0025.md
article,article_0026,article_0026.html
article,article_0027,article_0027.txt
article,article_0028,article_0028.md
article,article_0029,article_0029.html
article,article_0030,article_0030.txt
article,article_0031,article_0031.md
article,article_0032,article_0032.html
article,article_0033,article_0033.txt
article,article_0034,article_0034.md
article,article_0035,article_0035.html
article,article_0036,article_0036.txt
article,article_0037,article_0037.md
article,article_0038,article_0038.html
article,article_0039,article_0039.txt
article,article_0040,article_0040.md
article,article_0041,article_0041.html
article,article_0042,article_0042.txt
article,article_0043,article_0043.md
article,article_0044,article_0044.html
article,article_0045,article_0045.txt
article,article_0046,article_0046.md
article,article_0047,article_0047.html
article,article_0048,article_0048.txt
article,article_0049,article_0049.md
article,article_0050,article_0050.html
article,article_0051,article_0051.txt
article,article_0052,article_0052.md
article,article_0053,article_0053.html
article,article_0054,article_0054.txt
article,article_0055,article_0055.md
article,article_0056,article_0056.html
article,article_0057,article_0057.txt
article,article_0058,article_0058.md
article,article_0059,article_0059.html
