project_class,local_file,source_split,rvlcdip_filename,label_id,source
letter,letter_0000.png,train,tnjb0008497.tif,0,rvlcdip
letter,letter_0001.png,train,0000308235.tif,0,rvlcdip
letter,letter_0002.png,train,509443632_509443634.tif,0,rvlcdip
letter,letter_0003.png,train,CTRSP-FILES014760-47.tif,0,rvlcdip
letter,letter_0004.png,train,tob08115.65.tif,0,rvlcdip
letter,letter_0005.png,train,501492772+-2772.tif,0,rvlcdip
letter,letter_0006.png,train,504614652_504614660.tif,0,rvlcdip
letter,letter_0007.png,train,508028274+-8277.tif,0,rvlcdip
letter,letter_0008.png,train,2020126058.tif,0,rvlcdip
letter,letter_0009.png,train,502367623.tif,0,rvlcdip
letter,letter_0010.png,train,2063195050.tif,0,rvlcdip
letter,letter_0011.png,train,519695114+-5119.tif,0,rvlcdip
letter,letter_0012.png,train,2041552757.tif,0,rvlcdip
letter,letter_0013.png,train,94004389.tif,0,rvlcdip
letter,letter_0014.png,train,522488159+-8160.tif,0,rvlcdip
letter,letter_0015.png,train,2073297293.tif,0,rvlcdip
letter,letter_0016.png,train,2079131531_1532.tif,0,rvlcdip
letter,letter_0017.png,train,504372363+-2363.tif,0,rvlcdip
letter,letter_0018.png,train,2060541122.tif,0,rvlcdip
letter,letter_0019.png,train,85675561.tif,0,rvlcdip
letter,letter_0020.png,train,50129710-9710.tif,0,rvlcdip
letter,letter_0021.png,train,501891308.tif,0,rvlcdip
letter,letter_0022.png,train,515732196+-2196.tif,0,rvlcdip
letter,letter_0023.png,train,507770172_507770173.tif,0,rvlcdip
letter,letter_0024.png,train,50133568-3568.tif,0,rvlcdip
letter,letter_0025.png,train,0060251772.tif,0,rvlcdip
letter,letter_0026.png,train,1004857877.tif,0,rvlcdip
letter,letter_0027.png,train,508112328+-2328.tif,0,rvlcdip
letter,letter_0028.png,train,12762180.tif,0,rvlcdip
letter,letter_0029.png,train,1003198375.tif,0,rvlcdip
letter,letter_0030.png,train,85679292.tif,0,rvlcdip
letter,letter_0031.png,train,516924367_516924373.tif,0,rvlcdip
letter,letter_0032.png,train,500300163_500300166.tif,0,rvlcdip
letter,letter_0033.png,train,0060346741.tif,0,rvlcdip
letter,letter_0034.png,train,50178964-8964.tif,0,rvlcdip
letter,letter_0035.png,train,0071016226.tif,0,rvlcdip
letter,letter_0036.png,train,2026503840.tif,0,rvlcdip
letter,letter_0037.png,train,0060358365.tif,0,rvlcdip
letter,letter_0038.png,train,50101429-1429.tif,0,rvlcdip
letter,letter_0039.png,train,50480093-0093.tif,0,rvlcdip
letter,letter_0040.png,train,86005243.tif,0,rvlcdip
letter,letter_0041.png,train,0060196964.tif,0,rvlcdip
letter,letter_0042.png,train,50019782.tif,0,rvlcdip
letter,letter_0043.png,train,513992876_513992879.tif,0,rvlcdip
letter,letter_0044.png,train,2071652355.tif,0,rvlcdip
letter,letter_0045.png,train,87683148.tif,0,rvlcdip
letter,letter_0046.png,train,2026372242.tif,0,rvlcdip
letter,letter_0047.png,train,tim01049.63.tif,0,rvlcdip
letter,letter_0048.png,train,502228308+-8308.tif,0,rvlcdip
letter,letter_0049.png,train,04354968_4969.tif,0,rvlcdip
form,form_0000.png,train,2030053328.tif,1,rvlcdip
form,form_0001.png,train,2075774440.tif,1,rvlcdip
form,form_0002.png,train,2044221110_1111.tif,1,rvlcdip
form,form_0003.png,train,516871285+-1286.tif,1,rvlcdip
form,form_0004.png,train,0001438955.tif,1,rvlcdip
form,form_0005.png,train,0012529284.tif,1,rvlcdip
form,form_0006.png,train,0060101956.tif,1,rvlcdip
form,form_0007.png,train,520618201+-8215.tif,1,rvlcdip
form,form_0008.png,train,2041167151.tif,1,rvlcdip
form,form_0009.png,train,2025324595.tif,1,rvlcdip
form,form_0010.png,train,2504026981.tif,1,rvlcdip
form,form_0011.png,train,2054500156.tif,1,rvlcdip
form,form_0012.png,train,2063856140_6141.tif,1,rvlcdip
form,form_0013.png,train,2024683837.tif,1,rvlcdip
form,form_0014.png,train,2074636278.tif,1,rvlcdip
form,form_0015.png,train,2048225492.tif,1,rvlcdip
form,form_0016.png,train,2505161512.tif,1,rvlcdip
form,form_0017.png,train,0001246104.tif,1,rvlcdip
form,form_0018.png,train,2051046297_2051046300.tif,1,rvlcdip
form,form_0019.png,train,522723285+-3287.tif,1,rvlcdip
form,form_0020.png,train,2028742026_2028742027.tif,1,rvlcdip
form,form_0021.png,train,506432063_506432081.tif,1,rvlcdip
form,form_0022.png,train,83612724.tif,1,rvlcdip
form,form_0023.png,train,507064884.tif,1,rvlcdip
form,form_0024.png,train,2028874596.tif,1,rvlcdip
form,form_0025.png,train,2501614242.tif,1,rvlcdip
form,form_0026.png,train,0060036831.tif,1,rvlcdip
form,form_0027.png,train,0012798572.tif,1,rvlcdip
form,form_0028.png,train,2024027224.tif,1,rvlcdip
form,form_0029.png,train,81619486_9488.tif,1,rvlcdip
form,form_0030.png,train,2086083859.tif,1,rvlcdip
form,form_0031.png,train,672375.tif,1,rvlcdip
form,form_0032.png,train,518161785+-1785.tif,1,rvlcdip
form,form_0033.png,train,2029135490.tif,1,rvlcdip
form,form_0034.png,train,2043129585_2043129590.tif,1,rvlcdip
form,form_0035.png,train,513032938.tif,1,rvlcdip
form,form_0036.png,train,2077876860.tif,1,rvlcdip
form,form_0037.png,train,518547904+-7905.tif,1,rvlcdip
form,form_0038.png,train,2064280869.tif,1,rvlcdip
form,form_0039.png,train,2074133419.tif,1,rvlcdip
form,form_0040.png,train,93117995_7997.tif,1,rvlcdip
form,form_0041.png,train,2057716795_2057716796.tif,1,rvlcdip
form,form_0042.png,train,512989302.tif,1,rvlcdip
form,form_0043.png,train,86220490.tif,1,rvlcdip
form,form_0044.png,train,93177917.tif,1,rvlcdip
form,form_0045.png,train,2072129072.tif,1,rvlcdip
form,form_0046.png,train,87459786a_9788.tif,1,rvlcdip
form,form_0047.png,train,514215541+-5541.tif,1,rvlcdip
form,form_0048.png,train,2077934481.tif,1,rvlcdip
form,form_0049.png,train,0000989826.tif,1,rvlcdip
report,report_0000.png,train,70109398-9408.tif,5,rvlcdip
report,report_0001.png,train,87431032_87431056.tif,5,rvlcdip
report,report_0002.png,train,2064224758_4759.tif,5,rvlcdip
report,report_0003.png,train,81305509.tif,5,rvlcdip
report,report_0004.png,train,2501997584.tif,5,rvlcdip
report,report_0005.png,train,2057776347.tif,5,rvlcdip
report,report_0006.png,train,87851735_87851743.tif,5,rvlcdip
report,report_0007.png,train,88214917_4923.tif,5,rvlcdip
report,report_0008.png,train,2026210869.tif,5,rvlcdip
report,report_0009.png,train,2022179583.tif,5,rvlcdip
report,report_0010.png,train,2001116426.tif,5,rvlcdip
report,report_0011.png,train,2501947526_7530.tif,5,rvlcdip
report,report_0012.png,train,2028528688_2028528706.tif,5,rvlcdip
report,report_0013.png,train,2028875572.tif,5,rvlcdip
report,report_0014.png,train,2501124129_2501124132.tif,5,rvlcdip
report,report_0015.png,train,00834379_4395.tif,5,rvlcdip
report,report_0016.png,train,2023118642_2023118643.tif,5,rvlcdip
report,report_0017.png,train,2024442203.tif,5,rvlcdip
report,report_0018.png,train,2064717921_7943.tif,5,rvlcdip
report,report_0019.png,train,87636021_87636028.tif,5,rvlcdip
report,report_0020.png,train,50722058-2108.tif,5,rvlcdip
report,report_0021.png,train,2055054854_2055054857.tif,5,rvlcdip
report,report_0022.png,train,2064766009_6022.tif,5,rvlcdip
report,report_0023.png,train,2076906781_6782.tif,5,rvlcdip
report,report_0024.png,train,87445037.tif,5,rvlcdip
report,report_0025.png,train,2501155477.tif,5,rvlcdip
report,report_0026.png,train,2501758029_8046.tif,5,rvlcdip
report,report_0027.png,train,10080337_10080350.tif,5,rvlcdip
report,report_0028.png,train,80232500_80232524.tif,5,rvlcdip
report,report_0029.png,train,81302973.tif,5,rvlcdip
report,report_0030.png,train,2074406831.tif,5,rvlcdip
report,report_0031.png,train,87430136.tif,5,rvlcdip
report,report_0032.png,train,2050056147.tif,5,rvlcdip
report,report_0033.png,train,87212059_87212066.tif,5,rvlcdip
report,report_0034.png,train,2022186225.tif,5,rvlcdip
report,report_0035.png,train,2062045537.tif,5,rvlcdip
report,report_0036.png,train,2000459755.tif,5,rvlcdip
report,report_0037.png,train,2501951845.tif,5,rvlcdip
report,report_0038.png,train,2505336064.tif,5,rvlcdip
report,report_0039.png,train,2505411841.tif,5,rvlcdip
report,report_0040.png,train,89978168_8184.tif,5,rvlcdip
report,report_0041.png,train,2028796209.tif,5,rvlcdip
report,report_0042.png,train,10070922_10070923.tif,5,rvlcdip
report,report_0043.png,train,2053776307_2053776314.tif,5,rvlcdip
report,report_0044.png,train,2028881348_2028881349.tif,5,rvlcdip
report,report_0045.png,train,2000459715.tif,5,rvlcdip
report,report_0046.png,train,2022232036_2022232037.tif,5,rvlcdip
report,report_0047.png,train,2022180280_2022180281.tif,5,rvlcdip
report,report_0048.png,train,2026207475_2026207485.tif,5,rvlcdip
report,report_0049.png,train,2046776340_2046776347.tif,5,rvlcdip
article,article_0000.png,train,2072551973.tif,9,rvlcdip
article,article_0001.png,train,tob14026.34_tob14026.35.tif,9,rvlcdip
article,article_0002.png,train,tob08700.15.tif,9,rvlcdip
article,article_0003.png,train,2024181547.tif,9,rvlcdip
article,article_0004.png,train,2064700614_0617.tif,9,rvlcdip
article,article_0005.png,train,2500066627.tif,9,rvlcdip
article,article_0006.png,train,2077357172.tif,9,rvlcdip
article,article_0007.png,train,ti16830045.tif,9,rvlcdip
article,article_0008.png,train,ti17310593_0594.tif,9,rvlcdip
article,article_0009.png,train,tob06203.94.tif,9,rvlcdip
article,article_0010.png,train,0000341755.tif,9,rvlcdip
article,article_0011.png,train,corti0009098_9100.tif,9,rvlcdip
article,article_0012.png,train,1003044853-a.tif,9,rvlcdip
article,article_0013.png,train,tob11415.60.tif,9,rvlcdip
article,article_0014.png,train,1000749938.tif,9,rvlcdip
article,article_0015.png,train,corti0009665.tif,9,rvlcdip
article,article_0016.png,train,2001210024_2001210025.tif,9,rvlcdip
article,article_0017.png,train,2048391723.tif,9,rvlcdip
article,article_0018.png,train,0000333645.tif,9,rvlcdip
article,article_0019.png,train,0000278912.tif,9,rvlcdip
article,article_0020.png,train,tob12311.87_tob12311.89.tif,9,rvlcdip
article,article_0021.png,train,2501355879.tif,9,rvlcdip
article,article_0022.png,train,2074413903.tif,9,rvlcdip
article,article_0023.png,train,tob10615.20.tif,9,rvlcdip
article,article_0024.png,train,2501025900.tif,9,rvlcdip
article,article_0025.png,train,1003543424.tif,9,rvlcdip
article,article_0026.png,train,2025029115-a.tif,9,rvlcdip
article,article_0027.png,train,2080712064.tif,9,rvlcdip
article,article_0028.png,train,2061859081.tif,9,rvlcdip
article,article_0029.png,train,92352892a.tif,9,rvlcdip
article,article_0030.png,train,2085569006_9007.tif,9,rvlcdip
article,article_0031.png,train,tob11910.04_tob11910.08.tif,9,rvlcdip
article,article_0032.png,train,2083780391.tif,9,rvlcdip
article,article_0033.png,train,2044429472.tif,9,rvlcdip
article,article_0034.png,train,tob13608.98.tif,9,rvlcdip
article,article_0035.png,train,81761100.tif,9,rvlcdip
article,article_0036.png,train,03021474-b.tif,9,rvlcdip
article,article_0037.png,train,tob11709.39.tif,9,rvlcdip
article,article_0038.png,train,2083779722.tif,9,rvlcdip
article,article_0039.png,train,2085626844_6845.tif,9,rvlcdip
article,article_0040.png,train,95985400.tif,9,rvlcdip
article,article_0041.png,train,2080734096_4097.tif,9,rvlcdip
article,article_0042.png,train,2501454254.tif,9,rvlcdip
article,article_0043.png,train,tob11708.74_tob11708.75.tif,9,rvlcdip
article,article_0044.png,train,2073344227_4231.tif,9,rvlcdip
article,article_0045.png,train,2080736786.tif,9,rvlcdip
article,article_0046.png,train,2025028383-a.tif,9,rvlcdip
article,article_0047.png,train,2083780721.tif,9,rvlcdip
article,article_0048.png,train,1003543524-a.tif,9,rvlcdip
article,article_0049.png,train,2015059275.tif,9,rvlcdip
invoice,invoice_0000.png,train,2077876420_6421.tif,11,rvlcdip
invoice,invoice_0001.png,train,0001453155.tif,11,rvlcdip
invoice,invoice_0002.png,train,2028746017.tif,11,rvlcdip
invoice,invoice_0003.png,train,2028741084_2028741085.tif,11,rvlcdip
invoice,invoice_0004.png,train,2501329715.tif,11,rvlcdip
invoice,invoice_0005.png,train,2021630861.tif,11,rvlcdip
invoice,invoice_0006.png,train,2084020041.tif,11,rvlcdip
invoice,invoice_0007.png,train,2029370437.tif,11,rvlcdip
invoice,invoice_0008.png,train,50063579.tif,11,rvlcdip
invoice,invoice_0009.png,train,2024474923.tif,11,rvlcdip
invoice,invoice_0010.png,train,500035418.tif,11,rvlcdip
invoice,invoice_0011.png,train,2085538583.tif,11,rvlcdip
invoice,invoice_0012.png,train,0000514354.tif,11,rvlcdip
invoice,invoice_0013.png,train,01254399.tif,11,rvlcdip
invoice,invoice_0014.png,train,2063116026.tif,11,rvlcdip
invoice,invoice_0015.png,train,ti17171860.tif,11,rvlcdip
invoice,invoice_0016.png,train,515618103+-8122.tif,11,rvlcdip
invoice,invoice_0017.png,train,00921693.tif,11,rvlcdip
invoice,invoice_0018.png,train,2028743021.tif,11,rvlcdip
invoice,invoice_0019.png,train,502480946.tif,11,rvlcdip
invoice,invoice_0020.png,train,501012820.tif,11,rvlcdip
invoice,invoice_0021.png,train,2023592335.tif,11,rvlcdip
invoice,invoice_0022.png,train,2028725227.tif,11,rvlcdip
invoice,invoice_0023.png,train,2029370377.tif,11,rvlcdip
invoice,invoice_0024.png,train,91580930.tif,11,rvlcdip
invoice,invoice_0025.png,train,2028708771.tif,11,rvlcdip
invoice,invoice_0026.png,train,00920320.tif,11,rvlcdip
invoice,invoice_0027.png,train,506186089_506186096.tif,11,rvlcdip
invoice,invoice_0028.png,train,92856963.tif,11,rvlcdip
invoice,invoice_0029.png,train,92227311.tif,11,rvlcdip
invoice,invoice_0030.png,train,95824321.tif,11,rvlcdip
invoice,invoice_0031.png,train,91660776.tif,11,rvlcdip
invoice,invoice_0032.png,train,2083799894_9896.tif,11,rvlcdip
invoice,invoice_0033.png,train,0060075262.tif,11,rvlcdip
invoice,invoice_0034.png,train,518182970.tif,11,rvlcdip
invoice,invoice_0035.png,train,88131835.tif,11,rvlcdip
invoice,invoice_0036.png,train,88131855.tif,11,rvlcdip
invoice,invoice_0037.png,train,2080143457.tif,11,rvlcdip
invoice,invoice_0038.png,train,0001233921.tif,11,rvlcdip
invoice,invoice_0039.png,train,80703386.tif,11,rvlcdip
invoice,invoice_0040.png,train,91514909.tif,11,rvlcdip
invoice,invoice_0041.png,train,83542497.tif,11,rvlcdip
invoice,invoice_0042.png,train,50016371.tif,11,rvlcdip
invoice,invoice_0043.png,train,0060140654.tif,11,rvlcdip
invoice,invoice_0044.png,train,80211529.tif,11,rvlcdip
invoice,invoice_0045.png,train,0071006682.tif,11,rvlcdip
invoice,invoice_0046.png,train,515618144+-8153.tif,11,rvlcdip
invoice,invoice_0047.png,train,0001233632.tif,11,rvlcdip
invoice,invoice_0048.png,train,93219883.tif,11,rvlcdip
invoice,invoice_0049.png,train,CTRCONTRACTS022017-2.tif,11,rvlcdip
letter,letter_0050.png,validation,0071085436.tif,0,rvlcdip
letter,letter_0051.png,validation,500642929_500642930.tif,0,rvlcdip
letter,letter_0052.png,validation,2062101355.tif,0,rvlcdip
letter,letter_0053.png,validation,2040743643.tif,0,rvlcdip
letter,letter_0054.png,validation,2075700640.tif,0,rvlcdip
letter,letter_0055.png,validation,2074073606.tif,0,rvlcdip
letter,letter_0056.png,validation,94685391_5400.tif,0,rvlcdip
letter,letter_0057.png,validation,85082999.tif,0,rvlcdip
letter,letter_0058.png,validation,tob15100.86.tif,0,rvlcdip
letter,letter_0059.png,validation,50492614-2614.tif,0,rvlcdip
letter,letter_0060.png,validation,0060054762.tif,0,rvlcdip
letter,letter_0061.png,validation,500536762_500536764.tif,0,rvlcdip
letter,letter_0062.png,validation,2026454142_2026454143.tif,0,rvlcdip
letter,letter_0063.png,validation,93485164_5166.tif,0,rvlcdip
letter,letter_0064.png,validation,50056514.tif,0,rvlcdip
letter,letter_0065.png,validation,2041166632.tif,0,rvlcdip
letter,letter_0066.png,validation,506932624_506932625.tif,0,rvlcdip
letter,letter_0067.png,validation,502223085.tif,0,rvlcdip
letter,letter_0068.png,validation,506395754.tif,0,rvlcdip
letter,letter_0069.png,validation,10390942.tif,0,rvlcdip
letter,letter_0070.png,validation,524291215+-1215.tif,0,rvlcdip
letter,letter_0071.png,validation,0011907303.tif,0,rvlcdip
letter,letter_0072.png,validation,2026414245.tif,0,rvlcdip
letter,letter_0073.png,validation,2012583212_2012583213.tif,0,rvlcdip
letter,letter_0074.png,validation,504730700.tif,0,rvlcdip
form,form_0050.png,validation,2074589103.tif,1,rvlcdip
form,form_0051.png,validation,2086081025.tif,1,rvlcdip
form,form_0052.png,validation,525260477+-0477.tif,1,rvlcdip
form,form_0053.png,validation,522078028+-8046.tif,1,rvlcdip
form,form_0054.png,validation,2084616982_6983.tif,1,rvlcdip
form,form_0055.png,validation,2505153279.tif,1,rvlcdip
form,form_0056.png,validation,2077549677.tif,1,rvlcdip
form,form_0057.png,validation,2084107960.tif,1,rvlcdip
form,form_0058.png,validation,2063787839.tif,1,rvlcdip
form,form_0059.png,validation,2085594648.tif,1,rvlcdip
form,form_0060.png,validation,94227370.tif,1,rvlcdip
form,form_0061.png,validation,0060089303.tif,1,rvlcdip
form,form_0062.png,validation,2083816225.tif,1,rvlcdip
form,form_0063.png,validation,2063857770_7771.tif,1,rvlcdip
form,form_0064.png,validation,2076798993.tif,1,rvlcdip
form,form_0065.png,validation,0001484253.tif,1,rvlcdip
form,form_0066.png,validation,2076373241.tif,1,rvlcdip
form,form_0067.png,validation,2070261151.tif,1,rvlcdip
form,form_0068.png,validation,2074829171.tif,1,rvlcdip
form,form_0069.png,validation,2084594689.tif,1,rvlcdip
form,form_0070.png,validation,2029149564_2029149565.tif,1,rvlcdip
form,form_0071.png,validation,2024612780.tif,1,rvlcdip
form,form_0072.png,validation,506454201.tif,1,rvlcdip
form,form_0073.png,validation,2084381550_1555.tif,1,rvlcdip
form,form_0074.png,validation,1003540309_1003540318.tif,1,rvlcdip
report,report_0050.png,validation,2001234756_2001234764.tif,5,rvlcdip
report,report_0051.png,validation,2062077953.tif,5,rvlcdip
report,report_0052.png,validation,2022226901.tif,5,rvlcdip
report,report_0053.png,validation,2076370519_0530.tif,5,rvlcdip
report,report_0054.png,validation,89340684_89340732.tif,5,rvlcdip
report,report_0055.png,validation,1001757330_1001757336.tif,5,rvlcdip
report,report_0056.png,validation,2020238434.tif,5,rvlcdip
report,report_0057.png,validation,03359754_03359780.tif,5,rvlcdip
report,report_0058.png,validation,2050834450_2050834451.tif,5,rvlcdip
report,report_0059.png,validation,50308421-8421.tif,5,rvlcdip
report,report_0060.png,validation,87444232_87444250.tif,5,rvlcdip
report,report_0061.png,validation,10022346_10022359.tif,5,rvlcdip
report,report_0062.png,validation,2505380424.tif,5,rvlcdip
report,report_0063.png,validation,98703373.tif,5,rvlcdip
report,report_0064.png,validation,2501536954_2501536985.tif,5,rvlcdip
report,report_0065.png,validation,2056698624_2056698636.tif,5,rvlcdip
report,report_0066.png,validation,2505304306_4399.tif,5,rvlcdip
report,report_0067.png,validation,2028973072_2028973146.tif,5,rvlcdip
report,report_0068.png,validation,2028798983_2028799042.tif,5,rvlcdip
report,report_0069.png,validation,2062093441_2062093447.tif,5,rvlcdip
report,report_0070.png,validation,2501559700_2501559880.tif,5,rvlcdip
report,report_0071.png,validation,2000510922_2000510923.tif,5,rvlcdip
report,report_0072.png,validation,2505377429_7434.tif,5,rvlcdip
report,report_0073.png,validation,2505411634.tif,5,rvlcdip
report,report_0074.png,validation,2057143842.tif,5,rvlcdip
article,article_0050.png,validation,ti17520993_0994.tif,9,rvlcdip
article,article_0051.png,validation,2077152141.tif,9,rvlcdip
article,article_0052.png,validation,corti0009753.tif,9,rvlcdip
article,article_0053.png,validation,2501205174.tif,9,rvlcdip
article,article_0054.png,validation,1000217642.tif,9,rvlcdip
article,article_0055.png,validation,2081645450.tif,9,rvlcdip
article,article_0056.png,validation,82227552.tif,9,rvlcdip
article,article_0057.png,validation,1003043373-a.tif,9,rvlcdip
article,article_0058.png,validation,2073724042.tif,9,rvlcdip
article,article_0059.png,validation,tob13122.52.tif,9,rvlcdip
article,article_0060.png,validation,2071275536.tif,9,rvlcdip
article,article_0061.png,validation,2072006242.tif,9,rvlcdip
article,article_0062.png,validation,2023894139-b_2023894140.tif,9,rvlcdip
article,article_0063.png,validation,tob14406.22.tif,9,rvlcdip
article,article_0064.png,validation,1003044324-b.tif,9,rvlcdip
article,article_0065.png,validation,2083506319.tif,9,rvlcdip
article,article_0066.png,validation,2083780685.tif,9,rvlcdip
article,article_0067.png,validation,2083780039.tif,9,rvlcdip
article,article_0068.png,validation,1003537845-d.tif,9,rvlcdip
article,article_0069.png,validation,tob11708.09.tif,9,rvlcdip
article,article_0070.png,validation,2046305060.tif,9,rvlcdip
article,article_0071.png,validation,1002392859_1002392860.tif,9,rvlcdip
article,article_0072.png,validation,tob02436.71.tif,9,rvlcdip
article,article_0073.png,validation,2083513848.tif,9,rvlcdip
article,article_0074.png,validation,2024950569.tif,9,rvlcdip
invoice,invoice_0050.png,validation,506292144+-2144.tif,11,rvlcdip
invoice,invoice_0051.png,validation,87149121.tif,11,rvlcdip
invoice,invoice_0052.png,validation,11231340.tif,11,rvlcdip
invoice,invoice_0053.png,validation,1000127836.tif,11,rvlcdip
invoice,invoice_0054.png,validation,87147446.tif,11,rvlcdip
invoice,invoice_0055.png,validation,91031474.tif,11,rvlcdip
invoice,invoice_0056.png,validation,92676766.tif,11,rvlcdip
invoice,invoice_0057.png,validation,92860936.tif,11,rvlcdip
invoice,invoice_0058.png,validation,86016250.tif,11,rvlcdip
invoice,invoice_0059.png,validation,0060034508.tif,11,rvlcdip
invoice,invoice_0060.png,validation,501149452.tif,11,rvlcdip
invoice,invoice_0061.png,validation,89000024.tif,11,rvlcdip
invoice,invoice_0062.png,validation,CTRCONTRACTS022537-2.tif,11,rvlcdip
invoice,invoice_0063.png,validation,2059478435.tif,11,rvlcdip
invoice,invoice_0064.png,validation,518182332.tif,11,rvlcdip
invoice,invoice_0065.png,validation,91578104.tif,11,rvlcdip
invoice,invoice_0066.png,validation,89293051.tif,11,rvlcdip
invoice,invoice_0067.png,validation,80701160.tif,11,rvlcdip
invoice,invoice_0068.png,validation,1000047146.tif,11,rvlcdip
invoice,invoice_0069.png,validation,2084020321_0322.tif,11,rvlcdip
invoice,invoice_0070.png,validation,2063591345.tif,11,rvlcdip
invoice,invoice_0071.png,validation,2028699272.tif,11,rvlcdip
invoice,invoice_0072.png,validation,2501329351.tif,11,rvlcdip
invoice,invoice_0073.png,validation,0000113799.tif,11,rvlcdip
invoice,invoice_0074.png,validation,81440422.tif,11,rvlcdip
letter,letter_0075.png,test,0060088947.tif,0,rvlcdip
letter,letter_0076.png,test,2043429159.tif,0,rvlcdip
letter,letter_0077.png,test,505365510+-5511.tif,0,rvlcdip
letter,letter_0078.png,test,2029187335.tif,0,rvlcdip
letter,letter_0079.png,test,506047348+-7349.tif,0,rvlcdip
letter,letter_0080.png,test,2049403386.tif,0,rvlcdip
letter,letter_0081.png,test,506419369.tif,0,rvlcdip
letter,letter_0082.png,test,501380936+-0936.tif,0,rvlcdip
letter,letter_0083.png,test,509153671.tif,0,rvlcdip
letter,letter_0084.png,test,505351783.tif,0,rvlcdip
letter,letter_0085.png,test,505709083+-9083.tif,0,rvlcdip
letter,letter_0086.png,test,514424805_514424814.tif,0,rvlcdip
letter,letter_0087.png,test,506108003_506108004.tif,0,rvlcdip
letter,letter_0088.png,test,2065418675.tif,0,rvlcdip
letter,letter_0089.png,test,508078927.tif,0,rvlcdip
letter,letter_0090.png,test,0060283358.tif,0,rvlcdip
letter,letter_0091.png,test,0071033909.tif,0,rvlcdip
letter,letter_0092.png,test,81602572_2573.tif,0,rvlcdip
letter,letter_0093.png,test,tob10515.49.tif,0,rvlcdip
letter,letter_0094.png,test,50230435-0435.tif,0,rvlcdip
letter,letter_0095.png,test,44007330.tif,0,rvlcdip
letter,letter_0096.png,test,50349539-9539.tif,0,rvlcdip
letter,letter_0097.png,test,tnwl0028494.tif,0,rvlcdip
letter,letter_0098.png,test,2026003547.tif,0,rvlcdip
letter,letter_0099.png,test,0071081983.tif,0,rvlcdip
form,form_0075.png,test,2072555634.tif,1,rvlcdip
form,form_0076.png,test,2030375270.tif,1,rvlcdip
form,form_0077.png,test,2505412210.tif,1,rvlcdip
form,form_0078.png,test,522687832+-7838.tif,1,rvlcdip
form,form_0079.png,test,2076614893.tif,1,rvlcdip
form,form_0080.png,test,2505397417.tif,1,rvlcdip
form,form_0081.png,test,508221875+-1876.tif,1,rvlcdip
form,form_0082.png,test,2085609688_9690.tif,1,rvlcdip
form,form_0083.png,test,505043858_505043859.tif,1,rvlcdip
form,form_0084.png,test,2061671721.tif,1,rvlcdip
form,form_0085.png,test,2024205622.tif,1,rvlcdip
form,form_0086.png,test,94067158.tif,1,rvlcdip
form,form_0087.png,test,2505372285.tif,1,rvlcdip
form,form_0088.png,test,2065360166.tif,1,rvlcdip
form,form_0089.png,test,2084337379.tif,1,rvlcdip
form,form_0090.png,test,524744030+-4030.tif,1,rvlcdip
form,form_0091.png,test,2028999667.tif,1,rvlcdip
form,form_0092.png,test,81310561.tif,1,rvlcdip
form,form_0093.png,test,2084605329.tif,1,rvlcdip
form,form_0094.png,test,2062299662.tif,1,rvlcdip
form,form_0095.png,test,2030116126.tif,1,rvlcdip
form,form_0096.png,test,2029245071.tif,1,rvlcdip
form,form_0097.png,test,0060087997.tif,1,rvlcdip
form,form_0098.png,test,2058004960.tif,1,rvlcdip
form,form_0099.png,test,2026221398.tif,1,rvlcdip
report,report_0075.png,test,01337877_01337909.tif,5,rvlcdip
report,report_0076.png,test,2028700123.tif,5,rvlcdip
report,report_0077.png,test,50368697-8699.tif,5,rvlcdip
report,report_0078.png,test,00965350_00965352.tif,5,rvlcdip
report,report_0079.png,test,2029162417.tif,5,rvlcdip
report,report_0080.png,test,2029028944_2029028970.tif,5,rvlcdip
report,report_0081.png,test,2024437528_2024437535.tif,5,rvlcdip
report,report_0082.png,test,2029116328_2029116346.tif,5,rvlcdip
report,report_0083.png,test,2501667949_2501667957.tif,5,rvlcdip
report,report_0084.png,test,87673604_87673622.tif,5,rvlcdip
report,report_0085.png,test,1002945775_1002945874.tif,5,rvlcdip
report,report_0086.png,test,2501782121.tif,5,rvlcdip
report,report_0087.png,test,1003081493_1003081496.tif,5,rvlcdip
report,report_0088.png,test,89418741_8746.tif,5,rvlcdip
report,report_0089.png,test,2028890404_0408.tif,5,rvlcdip
report,report_0090.png,test,88180620.tif,5,rvlcdip
report,report_0091.png,test,2024516480.tif,5,rvlcdip
report,report_0092.png,test,2073516164.tif,5,rvlcdip
report,report_0093.png,test,1002648919.tif,5,rvlcdip
report,report_0094.png,test,1005127370.tif,5,rvlcdip
report,report_0095.png,test,2501664635.tif,5,rvlcdip
report,report_0096.png,test,89532777.tif,5,rvlcdip
report,report_0097.png,test,89977526_7546.tif,5,rvlcdip
report,report_0098.png,test,2078640682_0683.tif,5,rvlcdip
report,report_0099.png,test,01110346_0359.tif,5,rvlcdip
article,article_0075.png,test,tob02006.68.tif,9,rvlcdip
article,article_0076.png,test,2073415972.tif,9,rvlcdip
article,article_0077.png,test,2083513969.tif,9,rvlcdip
article,article_0078.png,test,2046295861_5862.tif,9,rvlcdip
article,article_0079.png,test,2083779161.tif,9,rvlcdip
article,article_0080.png,test,1003726834-a.tif,9,rvlcdip
article,article_0081.png,test,tob07822.07_tob07822.08.tif,9,rvlcdip
article,article_0082.png,test,1000306392.tif,9,rvlcdip
article,article_0083.png,test,1002404223d.tif,9,rvlcdip
article,article_0084.png,test,2083780624.tif,9,rvlcdip
article,article_0085.png,test,01139180a.tif,9,rvlcdip
article,article_0086.png,test,1000795900.tif,9,rvlcdip
article,article_0087.png,test,1002402279_1002402280.tif,9,rvlcdip
article,article_0088.png,test,1003538015-b.tif,9,rvlcdip
article,article_0089.png,test,2025500051.tif,9,rvlcdip
article,article_0090.png,test,tob10609.55.tif,9,rvlcdip
article,article_0091.png,test,91049609_9610.tif,9,rvlcdip
article,article_0092.png,test,2074110292.tif,9,rvlcdip
article,article_0093.png,test,2500017317.tif,9,rvlcdip
article,article_0094.png,test,2072197110.tif,9,rvlcdip
article,article_0095.png,test,1003543438.tif,9,rvlcdip
article,article_0096.png,test,ti10051744_1745.tif,9,rvlcdip
article,article_0097.png,test,2048294240.tif,9,rvlcdip
article,article_0098.png,test,2501074515.tif,9,rvlcdip
article,article_0099.png,test,03754530.tif,9,rvlcdip
invoice,invoice_0075.png,test,2028697984.tif,11,rvlcdip
invoice,invoice_0076.png,test,2071972444.tif,11,rvlcdip
invoice,invoice_0077.png,test,2029371469.tif,11,rvlcdip
invoice,invoice_0078.png,test,87147456.tif,11,rvlcdip
invoice,invoice_0079.png,test,50719280-9280.tif,11,rvlcdip
invoice,invoice_0080.png,test,0001140927.tif,11,rvlcdip
invoice,invoice_0081.png,test,2028708554.tif,11,rvlcdip
invoice,invoice_0082.png,test,0060052787.tif,11,rvlcdip
invoice,invoice_0083.png,test,0013041942.tif,11,rvlcdip
invoice,invoice_0084.png,test,CTRCONTRACTS022512-2.tif,11,rvlcdip
invoice,invoice_0085.png,test,2028746910_2028746913.tif,11,rvlcdip
invoice,invoice_0086.png,test,2072484182.tif,11,rvlcdip
invoice,invoice_0087.png,test,2070382318.tif,11,rvlcdip
invoice,invoice_0088.png,test,94389950.tif,11,rvlcdip
invoice,invoice_0089.png,test,83553778.tif,11,rvlcdip
invoice,invoice_0090.png,test,2084020097.tif,11,rvlcdip
invoice,invoice_0091.png,test,83374063.tif,11,rvlcdip
invoice,invoice_0092.png,test,2028720072_2028720073.tif,11,rvlcdip
invoice,invoice_0093.png,test,2062102120.tif,11,rvlcdip
invoice,invoice_0094.png,test,2042824582.tif,11,rvlcdip
invoice,invoice_0095.png,test,95824922.tif,11,rvlcdip
invoice,invoice_0096.png,test,1000127685.tif,11,rvlcdip
invoice,invoice_0097.png,test,0001234030.tif,11,rvlcdip
invoice,invoice_0098.png,test,0060284223.tif,11,rvlcdip
invoice,invoice_0099.png,test,515615617+-5618.tif,11,rvlcdip
receipt,receipt_0000.jpg,sroie_train,sroie_X51005676538.jpg,,sroie
receipt,receipt_0001.jpg,sroie_train,sroie_X51005361900.jpg,,sroie
receipt,receipt_0002.jpg,sroie_train,sroie_X51006414392.jpg,,sroie
receipt,receipt_0003.jpg,sroie_train,sroie_X51006350763.jpg,,sroie
receipt,receipt_0004.jpg,sroie_train,sroie_X51006311767.jpg,,sroie
receipt,receipt_0005.jpg,sroie_train,sroie_X51005711447.jpg,,sroie
receipt,receipt_0006.jpg,sroie_train,sroie_X51005663280.jpg,,sroie
receipt,receipt_0007.jpg,sroie_train,sroie_X51008099044.jpg,,sroie
receipt,receipt_0008.jpg,sroie_train,sroie_X51005577192.jpg,,sroie
receipt,receipt_0009.jpg,sroie_train,sroie_X51008142060.jpg,,sroie
receipt,receipt_0010.jpg,sroie_train,sroie_X51006913031.jpg,,sroie
receipt,receipt_0011.jpg,sroie_train,sroie_X51005433514.jpg,,sroie
receipt,receipt_0012.jpg,sroie_train,sroie_X51005433492.jpg,,sroie
receipt,receipt_0013.jpg,sroie_train,sroie_X51005605333.jpg,,sroie
receipt,receipt_0014.jpg,sroie_train,sroie_X51006008091.jpg,,sroie
receipt,receipt_0015.jpg,sroie_train,sroie_X51006329399.jpg,,sroie
receipt,receipt_0016.jpg,sroie_train,sroie_X51007419197.jpg,,sroie
receipt,receipt_0017.jpg,sroie_train,sroie_X51005361946.jpg,,sroie
receipt,receipt_0018.jpg,sroie_train,sroie_X51008114260.jpg,,sroie
receipt,receipt_0019.jpg,sroie_train,sroie_X51005757323.jpg,,sroie
receipt,receipt_0020.jpg,sroie_train,sroie_X51008164991.jpg,,sroie
receipt,receipt_0021.jpg,sroie_train,sroie_X51006913024.jpg,,sroie
receipt,receipt_0022.jpg,sroie_train,sroie_X51006008197.jpg,,sroie
receipt,receipt_0023.jpg,sroie_train,sroie_X51007231336.jpg,,sroie
receipt,receipt_0024.jpg,sroie_train,sroie_X51006414431.jpg,,sroie
receipt,receipt_0025.jpg,sroie_train,sroie_X00016469672.jpg,,sroie
receipt,receipt_0026.jpg,sroie_train,sroie_X51005719883.jpg,,sroie
receipt,receipt_0027.jpg,sroie_train,sroie_X51008164524.jpg,,sroie
receipt,receipt_0028.jpg,sroie_train,sroie_X51006556825.jpg,,sroie
receipt,receipt_0029.jpg,sroie_train,sroie_X51008142038.jpg,,sroie
receipt,receipt_0030.jpg,sroie_train,sroie_X51005719864.jpg,,sroie
receipt,receipt_0031.jpg,sroie_train,sroie_X51006008074.jpg,,sroie
receipt,receipt_0032.jpg,sroie_train,sroie_X51006556815.jpg,,sroie
receipt,receipt_0033.jpg,sroie_train,sroie_X51008164992.jpg,,sroie
receipt,receipt_0034.jpg,sroie_train,sroie_X51005605286.jpg,,sroie
receipt,receipt_0035.jpg,sroie_train,sroie_X51006619698.jpg,,sroie
receipt,receipt_0036.jpg,sroie_train,sroie_X51005663273.jpg,,sroie
receipt,receipt_0037.jpg,sroie_train,sroie_X51006557185.jpg,,sroie
receipt,receipt_0038.jpg,sroie_train,sroie_X51006556838.jpg,,sroie
receipt,receipt_0039.jpg,sroie_train,sroie_X51006389963.jpg,,sroie
receipt,receipt_0040.jpg,sroie_train,sroie_X51005442327.jpg,,sroie
receipt,receipt_0041.jpg,sroie_train,sroie_X51007339095.jpg,,sroie
receipt,receipt_0042.jpg,sroie_train,sroie_X51008042782.jpg,,sroie
receipt,receipt_0043.jpg,sroie_train,sroie_X51005677332.jpg,,sroie
receipt,receipt_0044.jpg,sroie_train,sroie_X51006619696.jpg,,sroie
receipt,receipt_0045.jpg,sroie_train,sroie_X51005568881.jpg,,sroie
receipt,receipt_0046.jpg,sroie_train,sroie_X51008099081.jpg,,sroie
receipt,receipt_0047.jpg,sroie_train,sroie_X51006414680.jpg,,sroie
receipt,receipt_0048.jpg,sroie_train,sroie_X51006557195.jpg,,sroie
receipt,receipt_0049.jpg,sroie_train,sroie_X51005757243.jpg,,sroie
receipt,receipt_0050.jpg,sroie_train,sroie_X51005447860.jpg,,sroie
receipt,receipt_0051.jpg,sroie_train,sroie_X51005442338.jpg,,sroie
receipt,receipt_0052.jpg,sroie_train,sroie_X51006327978.jpg,,sroie
receipt,receipt_0053.jpg,sroie_train,sroie_X51006414674.jpg,,sroie
receipt,receipt_0054.jpg,sroie_train,sroie_X51005568884.jpg,,sroie
receipt,receipt_0055.jpg,sroie_train,sroie_X51008145450.jpg,,sroie
receipt,receipt_0056.jpg,sroie_train,sroie_X51005663279.jpg,,sroie
receipt,receipt_0057.jpg,sroie_train,sroie_X51008123599.jpg,,sroie
receipt,receipt_0058.jpg,sroie_train,sroie_X51008142030.jpg,,sroie
receipt,receipt_0059.jpg,sroie_train,sroie_X51007231370.jpg,,sroie
receipt,receipt_0060.jpg,sroie_train,sroie_X51006557202.jpg,,sroie
receipt,receipt_0061.jpg,sroie_train,sroie_X51005719896.jpg,,sroie
receipt,receipt_0062.jpg,sroie_train,sroie_X51006619343.jpg,,sroie
receipt,receipt_0063.jpg,sroie_train,sroie_X51006557170.jpg,,sroie
receipt,receipt_0064.jpg,sroie_train,sroie_X51005806702.jpg,,sroie
receipt,receipt_0065.jpg,sroie_train,sroie_X51006392299.jpg,,sroie
receipt,receipt_0066.jpg,sroie_train,sroie_X51005453729.jpg,,sroie
receipt,receipt_0067.jpg,sroie_train,sroie_X51005722699.jpg,,sroie
receipt,receipt_0068.jpg,sroie_train,sroie_X51008030566.jpg,,sroie
receipt,receipt_0069.jpg,sroie_train,sroie_X51008164998.jpg,,sroie
receipt,receipt_0070.jpg,sroie_train,sroie_X51005719899.jpg,,sroie
receipt,receipt_0071.jpg,sroie_train,sroie_X51007339100.jpg,,sroie
receipt,receipt_0072.jpg,sroie_train,sroie_X51006619697.jpg,,sroie
receipt,receipt_0073.jpg,sroie_train,sroie_X51006393377.jpg,,sroie
receipt,receipt_0074.jpg,sroie_train,sroie_X51006008095.jpg,,sroie
receipt,receipt_0075.jpg,sroie_train,sroie_X51006555817.jpg,,sroie
receipt,receipt_0076.jpg,sroie_train,sroie_X51005442392.jpg,,sroie
receipt,receipt_0077.jpg,sroie_train,sroie_X51006328913.jpg,,sroie
receipt,receipt_0078.jpg,sroie_train,sroie_X51008164510.jpg,,sroie
receipt,receipt_0079.jpg,sroie_train,sroie_X51006502533.jpg,,sroie
receipt,receipt_0080.jpg,sroie_train,sroie_X51006679216.jpg,,sroie
receipt,receipt_0081.jpg,sroie_train,sroie_X51006392313.jpg,,sroie
receipt,receipt_0082.jpg,sroie_train,sroie_X51005447848.jpg,,sroie
receipt,receipt_0083.jpg,sroie_train,sroie_X51005806716.jpg,,sroie
receipt,receipt_0084.jpg,sroie_train,sroie_X51006502531.jpg,,sroie
receipt,receipt_0085.jpg,sroie_train,sroie_X51005889296.jpg,,sroie
receipt,receipt_0086.jpg,sroie_train,sroie_X51007339651.jpg,,sroie
receipt,receipt_0087.jpg,sroie_train,sroie_X51006620189.jpg,,sroie
receipt,receipt_0088.jpg,sroie_train,sroie_X51007339094.jpg,,sroie
receipt,receipt_0089.jpg,sroie_train,sroie_X51005711454.jpg,,sroie
receipt,receipt_0090.jpg,sroie_train,sroie_X51006392122.jpg,,sroie
receipt,receipt_0091.jpg,sroie_train,sroie_X51008164996.jpg,,sroie
receipt,receipt_0092.jpg,sroie_train,sroie_X51006387812.jpg,,sroie
receipt,receipt_0093.jpg,sroie_train,sroie_X51006389893.jpg,,sroie
receipt,receipt_0094.jpg,sroie_train,sroie_X51006913070.jpg,,sroie
receipt,receipt_0095.jpg,sroie_train,sroie_X51006620414.jpg,,sroie
receipt,receipt_0096.jpg,sroie_train,sroie_X51008114281.jpg,,sroie
receipt,receipt_0097.jpg,sroie_train,sroie_X51008042791.jpg,,sroie
receipt,receipt_0098.jpg,sroie_train,sroie_X51005711445.jpg,,sroie
receipt,receipt_0099.jpg,sroie_train,sroie_X51007846270.jpg,,sroie
receipt,receipt_0100.jpg,sroie_train,sroie_X51007339639.jpg,,sroie
receipt,receipt_0101.jpg,sroie_train,sroie_X51005605285.jpg,,sroie
receipt,receipt_0102.jpg,sroie_train,sroie_X51005442344.jpg,,sroie
receipt,receipt_0103.jpg,sroie_train,sroie_X51005675095.jpg,,sroie
receipt,receipt_0104.jpg,sroie_train,sroie_X51005719814.jpg,,sroie
receipt,receipt_0105.jpg,sroie_train,sroie_X51008142033.jpg,,sroie
receipt,receipt_0106.jpg,sroie_train,sroie_X51008142032.jpg,,sroie
receipt,receipt_0107.jpg,sroie_train,sroie_X51005447839.jpg,,sroie
receipt,receipt_0108.jpg,sroie_train,sroie_X51006619777.jpg,,sroie
receipt,receipt_0109.jpg,sroie_train,sroie_X51006619709.jpg,,sroie
receipt,receipt_0110.jpg,sroie_train,sroie_X51007339113.jpg,,sroie
receipt,receipt_0111.jpg,sroie_train,sroie_X51006387951.jpg,,sroie
receipt,receipt_0112.jpg,sroie_train,sroie_X51005268200.jpg,,sroie
receipt,receipt_0113.jpg,sroie_train,sroie_X51005676541.jpg,,sroie
receipt,receipt_0114.jpg,sroie_train,sroie_X51008099048.jpg,,sroie
receipt,receipt_0115.jpg,sroie_train,sroie_X51006619772.jpg,,sroie
receipt,receipt_0116.jpg,sroie_train,sroie_X51006555780.jpg,,sroie
receipt,receipt_0117.jpg,sroie_train,sroie_X51005722668.jpg,,sroie
receipt,receipt_0118.jpg,sroie_train,sroie_X51008123446.jpg,,sroie
receipt,receipt_0119.jpg,sroie_train,sroie_X51005712038.jpg,,sroie
receipt,receipt_0120.jpg,sroie_train,sroie_X51006008089.jpg,,sroie
receipt,receipt_0121.jpg,sroie_train,sroie_X51008114284.jpg,,sroie
receipt,receipt_0122.jpg,sroie_train,sroie_X51006327976.jpg,,sroie
receipt,receipt_0123.jpg,sroie_train,sroie_X00016469619.jpg,,sroie
receipt,receipt_0124.jpg,sroie_train,sroie_X51007339132.jpg,,sroie
receipt,receipt_0125.jpg,sroie_train,sroie_X51006557193.jpg,,sroie
receipt,receipt_0126.jpg,sroie_train,sroie_X51007103688.jpg,,sroie
receipt,receipt_0127.jpg,sroie_train,sroie_X51006557188.jpg,,sroie
receipt,receipt_0128.jpg,sroie_train,sroie_X51005705760.jpg,,sroie
receipt,receipt_0129.jpg,sroie_train,sroie_X51006387932.jpg,,sroie
receipt,receipt_0130.jpg,sroie_train,sroie_X51007391372.jpg,,sroie
receipt,receipt_0131.jpg,sroie_train,sroie_X51005587267.jpg,,sroie
receipt,receipt_0132.jpg,sroie_train,sroie_X51006387971.jpg,,sroie
receipt,receipt_0133.jpg,sroie_train,sroie_X51007262328.jpg,,sroie
receipt,receipt_0134.jpg,sroie_train,sroie_X51005442383.jpg,,sroie
receipt,receipt_0135.jpg,sroie_train,sroie_X51007103643.jpg,,sroie
receipt,receipt_0136.jpg,sroie_train,sroie_X51006466778.jpg,,sroie
receipt,receipt_0137.jpg,sroie_train,sroie_X51005715010.jpg,,sroie
receipt,receipt_0138.jpg,sroie_train,sroie_X51006913028.jpg,,sroie
receipt,receipt_0139.jpg,sroie_train,sroie_X51006555570.jpg,,sroie
receipt,receipt_0140.jpg,sroie_train,sroie_X51007339146.jpg,,sroie
receipt,receipt_0141.jpg,sroie_train,sroie_X51006414733.jpg,,sroie
receipt,receipt_0142.jpg,sroie_train,sroie_X51005663277.jpg,,sroie
receipt,receipt_0143.jpg,sroie_train,sroie_X51005568829.jpg,,sroie
receipt,receipt_0144.jpg,sroie_train,sroie_X51005749905.jpg,,sroie
receipt,receipt_0145.jpg,sroie_train,sroie_X51007339151.jpg,,sroie
receipt,receipt_0146.jpg,sroie_train,sroie_X51005568891.jpg,,sroie
receipt,receipt_0147.jpg,sroie_train,sroie_X51008042792.jpg,,sroie
receipt,receipt_0148.jpg,sroie_train,sroie_X51006619854.jpg,,sroie
receipt,receipt_0149.jpg,sroie_train,sroie_X51007339098.jpg,,sroie
receipt,receipt_0150.jpg,sroie_train,sroie_X51007846370.jpg,,sroie
receipt,receipt_0151.jpg,sroie_train,sroie_X51008123447.jpg,,sroie
receipt,receipt_0152.jpg,sroie_train,sroie_X00016469612.jpg,,sroie
receipt,receipt_0153.jpg,sroie_train,sroie_X51006414714.jpg,,sroie
receipt,receipt_0154.jpg,sroie_train,sroie_X51005719893.jpg,,sroie
receipt,receipt_0155.jpg,sroie_train,sroie_X51008099041.jpg,,sroie
receipt,receipt_0156.jpg,sroie_train,sroie_X51005230617.jpg,,sroie
receipt,receipt_0157.jpg,sroie_train,sroie_X51007339643.jpg,,sroie
receipt,receipt_0158.jpg,sroie_train,sroie_X51005745190.jpg,,sroie
receipt,receipt_0159.jpg,sroie_train,sroie_X51007103691.jpg,,sroie
receipt,receipt_0160.jpg,sroie_train,sroie_X51006912974.jpg,,sroie
receipt,receipt_0161.jpg,sroie_train,sroie_X51006714065.jpg,,sroie
receipt,receipt_0162.jpg,sroie_train,sroie_X51005719856.jpg,,sroie
receipt,receipt_0163.jpg,sroie_train,sroie_X51005676547.jpg,,sroie
receipt,receipt_0164.jpg,sroie_train,sroie_X51005365179.jpg,,sroie
receipt,receipt_0165.jpg,sroie_train,sroie_X51005676549.jpg,,sroie
receipt,receipt_0166.jpg,sroie_train,sroie_X51007262315.jpg,,sroie
receipt,receipt_0167.jpg,sroie_train,sroie_X51006414599.jpg,,sroie
receipt,receipt_0168.jpg,sroie_train,sroie_X51005441401.jpg,,sroie
receipt,receipt_0169.jpg,sroie_train,sroie_X51005441408.jpg,,sroie
receipt,receipt_0170.jpg,sroie_train,sroie_X51006557210.jpg,,sroie
receipt,receipt_0171.jpg,sroie_train,sroie_X51006349086.jpg,,sroie
receipt,receipt_0172.jpg,sroie_train,sroie_X51006857071.jpg,,sroie
receipt,receipt_0173.jpg,sroie_train,sroie_X51005433538.jpg,,sroie
receipt,receipt_0174.jpg,sroie_train,sroie_X51008099085.jpg,,sroie
receipt,receipt_0175.jpg,sroie_train,sroie_X51006392273.jpg,,sroie
receipt,receipt_0176.jpg,sroie_train,sroie_X51006619765.jpg,,sroie
receipt,receipt_0177.jpg,sroie_train,sroie_X51005447833.jpg,,sroie
receipt,receipt_0178.jpg,sroie_train,sroie_X51007579726.jpg,,sroie
receipt,receipt_0179.jpg,sroie_train,sroie_X51006556646.jpg,,sroie
receipt,receipt_0180.jpg,sroie_train,sroie_X51006334741.jpg,,sroie
receipt,receipt_0181.jpg,sroie_train,sroie_X51008164999.jpg,,sroie
receipt,receipt_0182.jpg,sroie_train,sroie_X51005568899.jpg,,sroie
receipt,receipt_0183.jpg,sroie_train,sroie_X51005705804.jpg,,sroie
receipt,receipt_0184.jpg,sroie_train,sroie_X51008123451.jpg,,sroie
receipt,receipt_0185.jpg,sroie_train,sroie_X51006414721.jpg,,sroie
receipt,receipt_0186.jpg,sroie_train,sroie_X51007846412.jpg,,sroie
receipt,receipt_0187.jpg,sroie_train,sroie_X51005663301.jpg,,sroie
receipt,receipt_0188.jpg,sroie_train,sroie_X51007339112.jpg,,sroie
receipt,receipt_0189.jpg,sroie_train,sroie_X51006619694.jpg,,sroie
receipt,receipt_0190.jpg,sroie_train,sroie_X51008114283.jpg,,sroie
receipt,receipt_0191.jpg,sroie_train,sroie_X51006556839.jpg,,sroie
receipt,receipt_0192.jpg,sroie_train,sroie_X51005663278.jpg,,sroie
receipt,receipt_0193.jpg,sroie_train,sroie_X51006557179.jpg,,sroie
receipt,receipt_0194.jpg,sroie_train,sroie_X51008142005.jpg,,sroie
receipt,receipt_0195.jpg,sroie_train,sroie_X51005757324.jpg,,sroie
receipt,receipt_0196.jpg,sroie_train,sroie_X51006556738.jpg,,sroie
receipt,receipt_0197.jpg,sroie_train,sroie_X51008042783.jpg,,sroie
receipt,receipt_0198.jpg,sroie_train,sroie_X51007339115.jpg,,sroie
receipt,receipt_0199.jpg,sroie_train,sroie_X51007846325.jpg,,sroie
