doc_id,class,page_file,source,split
524744030+-4030,form,datasets/raw/form/form_0090.png,rvlcdip,test
sroie_X51005577192,receipt,datasets/raw/receipt/receipt_0008.jpg,sroie,test
0060140654,invoice,datasets/raw/invoice/invoice_0043.png,rvlcdip,test
81761100,article,datasets/raw/article/article_0035.png,rvlcdip,test
sroie_X51005663277,receipt,datasets/raw/receipt/receipt_0142.jpg,sroie,test
tob02436.71,article,datasets/raw/article/article_0072.png,rvlcdip,test
2071275536,article,datasets/raw/article/article_0060.png,rvlcdip,test
sroie_X51006008089,receipt,datasets/raw/receipt/receipt_0120.jpg,sroie,test
2083779161,article,datasets/raw/article/article_0079.png,rvlcdip,test
2024683837,form,datasets/raw/form/form_0013.png,rvlcdip,test
sroie_X51006619343,receipt,datasets/raw/receipt/receipt_0062.jpg,sroie,test
00834379_4395,report,datasets/raw/report/report_0015.png,rvlcdip,test
505351783,letter,datasets/raw/letter/letter_0084.png,rvlcdip,test
2074413903,article,datasets/raw/article/article_0022.png,rvlcdip,test
2025029115-a,article,datasets/raw/article/article_0026.png,rvlcdip,test
501492772+-2772,letter,datasets/raw/letter/letter_0005.png,rvlcdip,test
sroie_X51007391372,receipt,datasets/raw/receipt/receipt_0130.jpg,sroie,test
12762180,letter,datasets/raw/letter/letter_0028.png,rvlcdip,test
sroie_X51006329399,receipt,datasets/raw/receipt/receipt_0015.jpg,sroie,test
509443632_509443634,letter,datasets/raw/letter/letter_0002.png,rvlcdip,test
2085569006_9007,article,datasets/raw/article/article_0030.png,rvlcdip,test
2077876420_6421,invoice,datasets/raw/invoice/invoice_0000.png,rvlcdip,test
2046776340_2046776347,report,datasets/raw/report/report_0049.png,rvlcdip,test
sroie_X51006619694,receipt,datasets/raw/receipt/receipt_0189.jpg,sroie,test
2026414245,letter,datasets/raw/letter/letter_0072.png,rvlcdip,test
2074073606,letter,datasets/raw/letter/letter_0055.png,rvlcdip,test
sroie_X51006008197,receipt,datasets/raw/receipt/receipt_0022.jpg,sroie,test
10022346_10022359,report,datasets/raw/report/report_0061.png,rvlcdip,test
2074110292,article,datasets/raw/article/article_0092.png,rvlcdip,test
50480093-0093,letter,datasets/raw/letter/letter_0039.png,rvlcdip,test
2030116126,form,datasets/raw/form/form_0095.png,rvlcdip,test
2057143842,report,datasets/raw/report/report_0074.png,rvlcdip,test
2026003547,letter,datasets/raw/letter/letter_0098.png,rvlcdip,test
0060034508,invoice,datasets/raw/invoice/invoice_0059.png,rvlcdip,test
sroie_X51007339146,receipt,datasets/raw/receipt/receipt_0140.jpg,sroie,test
70109398-9408,report,datasets/raw/report/report_0000.png,rvlcdip,test
2080712064,article,datasets/raw/article/article_0027.png,rvlcdip,test
sroie_X51007103691,receipt,datasets/raw/receipt/receipt_0159.jpg,sroie,test
sroie_X51007231370,receipt,datasets/raw/receipt/receipt_0059.jpg,sroie,test
0060088947,letter,datasets/raw/letter/letter_0075.png,rvlcdip,test
sroie_X51005806716,receipt,datasets/raw/receipt/receipt_0083.jpg,sroie,test
522488159+-8160,letter,datasets/raw/letter/letter_0014.png,rvlcdip,test
sroie_X51006387932,receipt,datasets/raw/receipt/receipt_0129.jpg,sroie,test
2041166632,letter,datasets/raw/letter/letter_0065.png,rvlcdip,test
sroie_X51006556838,receipt,datasets/raw/receipt/receipt_0038.jpg,sroie,test
2057776347,report,datasets/raw/report/report_0005.png,rvlcdip,test
506292144+-2144,invoice,datasets/raw/invoice/invoice_0050.png,rvlcdip,test
2505336064,report,datasets/raw/report/report_0038.png,rvlcdip,test
2029187335,letter,datasets/raw/letter/letter_0078.png,rvlcdip,test
sroie_X51006620189,receipt,datasets/raw/receipt/receipt_0087.jpg,sroie,test
sroie_X51008164510,receipt,datasets/raw/receipt/receipt_0078.jpg,sroie,test
2028999667,form,datasets/raw/form/form_0091.png,rvlcdip,test
81310561,form,datasets/raw/form/form_0092.png,rvlcdip,test
2029371469,invoice,datasets/raw/invoice/invoice_0077.png,rvlcdip,test
44007330,letter,datasets/raw/letter/letter_0095.png,rvlcdip,test
2501025900,article,datasets/raw/article/article_0024.png,rvlcdip,test
sroie_X51005719883,receipt,datasets/raw/receipt/receipt_0026.jpg,sroie,test
506186089_506186096,invoice,datasets/raw/invoice/invoice_0027.png,rvlcdip,test
sroie_X51006714065,receipt,datasets/raw/receipt/receipt_0161.jpg,sroie,test
50133568-3568,letter,datasets/raw/letter/letter_0024.png,rvlcdip,test
2505380424,report,datasets/raw/report/report_0062.png,rvlcdip,test
87431032_87431056,report,datasets/raw/report/report_0001.png,rvlcdip,test
94004389,letter,datasets/raw/letter/letter_0013.png,rvlcdip,test
2046295861_5862,article,datasets/raw/article/article_0078.png,rvlcdip,test
2501205174,article,datasets/raw/article/article_0053.png,rvlcdip,test
sroie_X51008164998,receipt,datasets/raw/receipt/receipt_0069.jpg,sroie,test
87444232_87444250,report,datasets/raw/report/report_0060.png,rvlcdip,test
2505153279,form,datasets/raw/form/form_0055.png,rvlcdip,test
sroie_X51006913070,receipt,datasets/raw/receipt/receipt_0094.jpg,sroie,test
2020126058,letter,datasets/raw/letter/letter_0008.png,rvlcdip,validation
2501329715,invoice,datasets/raw/invoice/invoice_0004.png,rvlcdip,test
2028874596,form,datasets/raw/form/form_0024.png,rvlcdip,test
1000127685,invoice,datasets/raw/invoice/invoice_0096.png,rvlcdip,test
sroie_X51006393377,receipt,datasets/raw/receipt/receipt_0073.jpg,sroie,test
sroie_X51006311767,receipt,datasets/raw/receipt/receipt_0004.jpg,sroie,test
ti17310593_0594,article,datasets/raw/article/article_0008.png,rvlcdip,test
2063195050,letter,datasets/raw/letter/letter_0010.png,rvlcdip,validation
522723285+-3287,form,datasets/raw/form/form_0019.png,rvlcdip,test
2029370437,invoice,datasets/raw/invoice/invoice_0007.png,rvlcdip,test
50019782,letter,datasets/raw/letter/letter_0042.png,rvlcdip,validation
514424805_514424814,letter,datasets/raw/letter/letter_0086.png,rvlcdip,validation
2077876860,form,datasets/raw/form/form_0036.png,rvlcdip,test
sroie_X51007339651,receipt,datasets/raw/receipt/receipt_0086.jpg,sroie,test
1002404223d,article,datasets/raw/article/article_0083.png,rvlcdip,test
1000127836,invoice,datasets/raw/invoice/invoice_0053.png,rvlcdip,test
sroie_X51005433538,receipt,datasets/raw/receipt/receipt_0173.jpg,sroie,test
sroie_X51008099044,receipt,datasets/raw/receipt/receipt_0007.jpg,sroie,test
2028700123,report,datasets/raw/report/report_0076.png,rvlcdip,test
2050056147,report,datasets/raw/report/report_0032.png,rvlcdip,test
2084020097,invoice,datasets/raw/invoice/invoice_0090.png,rvlcdip,test
89293051,invoice,datasets/raw/invoice/invoice_0066.png,rvlcdip,test
506932624_506932625,letter,datasets/raw/letter/letter_0066.png,rvlcdip,validation
2064717921_7943,report,datasets/raw/report/report_0018.png,rvlcdip,test
0060346741,letter,datasets/raw/letter/letter_0033.png,rvlcdip,validation
2505304306_4399,report,datasets/raw/report/report_0066.png,rvlcdip,test
sroie_X51006392313,receipt,datasets/raw/receipt/receipt_0081.jpg,sroie,test
sroie_X51005442383,receipt,datasets/raw/receipt/receipt_0134.jpg,sroie,test
2084337379,form,datasets/raw/form/form_0089.png,rvlcdip,test
2062299662,form,datasets/raw/form/form_0094.png,rvlcdip,test
sroie_X51005663273,receipt,datasets/raw/receipt/receipt_0036.jpg,sroie,test
2028697984,invoice,datasets/raw/invoice/invoice_0075.png,rvlcdip,test
2074636278,form,datasets/raw/form/form_0014.png,rvlcdip,test
512989302,form,datasets/raw/form/form_0042.png,rvlcdip,test
2024027224,form,datasets/raw/form/form_0028.png,rvlcdip,test
506395754,letter,datasets/raw/letter/letter_0068.png,rvlcdip,validation
87459786a_9788,form,datasets/raw/form/form_0046.png,rvlcdip,test
86005243,letter,datasets/raw/letter/letter_0040.png,rvlcdip,validation
95985400,article,datasets/raw/article/article_0040.png,rvlcdip,test
91578104,invoice,datasets/raw/invoice/invoice_0065.png,rvlcdip,test
sroie_X51008164991,receipt,datasets/raw/receipt/receipt_0020.jpg,sroie,test
2072551973,article,datasets/raw/article/article_0000.png,rvlcdip,validation
tob11708.74_tob11708.75,article,datasets/raw/article/article_0043.png,rvlcdip,validation
2083780685,article,datasets/raw/article/article_0066.png,rvlcdip,validation
1003543524-a,article,datasets/raw/article/article_0048.png,rvlcdip,validation
2041167151,form,datasets/raw/form/form_0008.png,rvlcdip,validation
2073297293,letter,datasets/raw/letter/letter_0015.png,rvlcdip,validation
2048294240,article,datasets/raw/article/article_0097.png,rvlcdip,validation
sroie_X51007339100,receipt,datasets/raw/receipt/receipt_0071.jpg,sroie,test
2501454254,article,datasets/raw/article/article_0042.png,rvlcdip,validation
sroie_X51008042782,receipt,datasets/raw/receipt/receipt_0042.jpg,sroie,validation
2053776307_2053776314,report,datasets/raw/report/report_0043.png,rvlcdip,test
2077152141,article,datasets/raw/article/article_0051.png,rvlcdip,validation
sroie_X51006555570,receipt,datasets/raw/receipt/receipt_0139.jpg,sroie,validation
50349539-9539,letter,datasets/raw/letter/letter_0096.png,rvlcdip,validation
518182332,invoice,datasets/raw/invoice/invoice_0064.png,rvlcdip,test
2024474923,invoice,datasets/raw/invoice/invoice_0009.png,rvlcdip,validation
2050834450_2050834451,report,datasets/raw/report/report_0058.png,rvlcdip,validation
0060101956,form,datasets/raw/form/form_0006.png,rvlcdip,validation
sroie_X51008123599,receipt,datasets/raw/receipt/receipt_0057.jpg,sroie,validation
sroie_X51008142005,receipt,datasets/raw/receipt/receipt_0194.jpg,sroie,validation
03359754_03359780,report,datasets/raw/report/report_0057.png,rvlcdip,validation
2000510922_2000510923,report,datasets/raw/report/report_0071.png,rvlcdip,validation
0000514354,invoice,datasets/raw/invoice/invoice_0012.png,rvlcdip,validation
83542497,invoice,datasets/raw/invoice/invoice_0041.png,rvlcdip,validation
2049403386,letter,datasets/raw/letter/letter_0080.png,rvlcdip,validation
sroie_X51006857071,receipt,datasets/raw/receipt/receipt_0172.jpg,sroie,validation
2056698624_2056698636,report,datasets/raw/report/report_0065.png,rvlcdip,validation
87851735_87851743,report,datasets/raw/report/report_0006.png,rvlcdip,validation
94685391_5400,letter,datasets/raw/letter/letter_0056.png,rvlcdip,validation
2074829171,form,datasets/raw/form/form_0068.png,rvlcdip,validation
1003044853-a,article,datasets/raw/article/article_0012.png,rvlcdip,validation
2063856140_6141,form,datasets/raw/form/form_0012.png,rvlcdip,validation
01254399,invoice,datasets/raw/invoice/invoice_0013.png,rvlcdip,validation
2075700640,letter,datasets/raw/letter/letter_0054.png,rvlcdip,validation
2024950569,article,datasets/raw/article/article_0074.png,rvlcdip,validation
sroie_X51008123451,receipt,datasets/raw/receipt/receipt_0184.jpg,sroie,validation
506454201,form,datasets/raw/form/form_0072.png,rvlcdip,validation
sroie_X51005568884,receipt,datasets/raw/receipt/receipt_0054.jpg,sroie,validation
sroie_X51006557202,receipt,datasets/raw/receipt/receipt_0060.jpg,sroie,validation
507770172_507770173,letter,datasets/raw/letter/letter_0023.png,rvlcdip,validation
2501782121,report,datasets/raw/report/report_0086.png,rvlcdip,validation
sroie_X51005605286,receipt,datasets/raw/receipt/receipt_0034.jpg,sroie,validation
sroie_X51005605333,receipt,datasets/raw/receipt/receipt_0013.jpg,sroie,validation
tnwl0028494,letter,datasets/raw/letter/letter_0097.png,rvlcdip,validation
513992876_513992879,letter,datasets/raw/letter/letter_0043.png,rvlcdip,train
2042824582,invoice,datasets/raw/invoice/invoice_0094.png,rvlcdip,validation
502480946,invoice,datasets/raw/invoice/invoice_0019.png,rvlcdip,validation
ti17520993_0994,article,datasets/raw/article/article_0050.png,rvlcdip,validation
50056514,letter,datasets/raw/letter/letter_0064.png,rvlcdip,train
500536762_500536764,letter,datasets/raw/letter/letter_0061.png,rvlcdip,train
87636021_87636028,report,datasets/raw/report/report_0019.png,rvlcdip,validation
2076370519_0530,report,datasets/raw/report/report_0053.png,rvlcdip,validation
sroie_X51006619696,receipt,datasets/raw/receipt/receipt_0044.jpg,sroie,validation
91660776,invoice,datasets/raw/invoice/invoice_0031.png,rvlcdip,validation
2026221398,form,datasets/raw/form/form_0099.png,rvlcdip,validation
1000217642,article,datasets/raw/article/article_0054.png,rvlcdip,validation
sroie_X51006557193,receipt,datasets/raw/receipt/receipt_0125.jpg,sroie,validation
CTRCONTRACTS022537-2,invoice,datasets/raw/invoice/invoice_0062.png,rvlcdip,validation
sroie_X51005719896,receipt,datasets/raw/receipt/receipt_0061.jpg,sroie,validation
89978168_8184,report,datasets/raw/report/report_0040.png,rvlcdip,validation
2080734096_4097,article,datasets/raw/article/article_0041.png,rvlcdip,validation
0012798572,form,datasets/raw/form/form_0027.png,rvlcdip,validation
1003044324-b,article,datasets/raw/article/article_0064.png,rvlcdip,validation
0060089303,form,datasets/raw/form/form_0061.png,rvlcdip,validation
sroie_X51007846325,receipt,datasets/raw/receipt/receipt_0199.jpg,sroie,validation
2026454142_2026454143,letter,datasets/raw/letter/letter_0062.png,rvlcdip,train
tob10609.55,article,datasets/raw/article/article_0090.png,rvlcdip,validation
tob11709.39,article,datasets/raw/article/article_0037.png,rvlcdip,validation
506419369,letter,datasets/raw/letter/letter_0081.png,rvlcdip,train
sroie_X51008114281,receipt,datasets/raw/receipt/receipt_0096.jpg,sroie,validation
sroie_X51006387951,receipt,datasets/raw/receipt/receipt_0111.jpg,sroie,validation
2501559700_2501559880,report,datasets/raw/report/report_0070.png,rvlcdip,validation
0001484253,form,datasets/raw/form/form_0065.png,rvlcdip,validation
501149452,invoice,datasets/raw/invoice/invoice_0060.png,rvlcdip,validation
sroie_X51007103643,receipt,datasets/raw/receipt/receipt_0135.jpg,sroie,validation
sroie_X51008030566,receipt,datasets/raw/receipt/receipt_0068.jpg,sroie,validation
2076614893,form,datasets/raw/form/form_0079.png,rvlcdip,validation
2024437528_2024437535,report,datasets/raw/report/report_0081.png,rvlcdip,validation
522687832+-7838,form,datasets/raw/form/form_0078.png,rvlcdip,validation
81302973,report,datasets/raw/report/report_0029.png,rvlcdip,validation
2028720072_2028720073,invoice,datasets/raw/invoice/invoice_0092.png,rvlcdip,validation
sroie_X51006392273,receipt,datasets/raw/receipt/receipt_0175.jpg,sroie,validation
2505412210,form,datasets/raw/form/form_0077.png,rvlcdip,validation
sroie_X51005663280,receipt,datasets/raw/receipt/receipt_0006.jpg,sroie,validation
2028725227,invoice,datasets/raw/invoice/invoice_0022.png,rvlcdip,validation
sroie_X51005447833,receipt,datasets/raw/receipt/receipt_0177.jpg,sroie,validation
2080143457,invoice,datasets/raw/invoice/invoice_0037.png,rvlcdip,validation
2071972444,invoice,datasets/raw/invoice/invoice_0076.png,rvlcdip,validation
0001233632,invoice,datasets/raw/invoice/invoice_0047.png,rvlcdip,validation
2001116426,report,datasets/raw/report/report_0010.png,rvlcdip,validation
1003726834-a,article,datasets/raw/article/article_0080.png,rvlcdip,train
1005127370,report,datasets/raw/report/report_0094.png,rvlcdip,validation
2501355879,article,datasets/raw/article/article_0021.png,rvlcdip,train
2083779722,article,datasets/raw/article/article_0038.png,rvlcdip,train
2062102120,invoice,datasets/raw/invoice/invoice_0093.png,rvlcdip,validation
tob13608.98,article,datasets/raw/article/article_0034.png,rvlcdip,train
sroie_X51007339643,receipt,datasets/raw/receipt/receipt_0157.jpg,sroie,validation
sroie_X51006466778,receipt,datasets/raw/receipt/receipt_0136.jpg,sroie,validation
509153671,letter,datasets/raw/letter/letter_0083.png,rvlcdip,train
1000047146,invoice,datasets/raw/invoice/invoice_0068.png,rvlcdip,train
sroie_X51008164999,receipt,datasets/raw/receipt/receipt_0181.jpg,sroie,validation
sroie_X51008142033,receipt,datasets/raw/receipt/receipt_0105.jpg,sroie,validation
2084594689,form,datasets/raw/form/form_0069.png,rvlcdip,validation
sroie_X51006619697,receipt,datasets/raw/receipt/receipt_0072.jpg,sroie,validation
87149121,invoice,datasets/raw/invoice/invoice_0051.png,rvlcdip,train
CTRCONTRACTS022512-2,invoice,datasets/raw/invoice/invoice_0084.png,rvlcdip,train
2022180280_2022180281,report,datasets/raw/report/report_0047.png,rvlcdip,validation
1000795900,article,datasets/raw/article/article_0086.png,rvlcdip,train
sroie_X51008114260,receipt,datasets/raw/receipt/receipt_0018.jpg,sroie,validation
94389950,invoice,datasets/raw/invoice/invoice_0088.png,rvlcdip,train
2500066627,article,datasets/raw/article/article_0005.png,rvlcdip,train
2022226901,report,datasets/raw/report/report_0052.png,rvlcdip,train
sroie_X51006414431,receipt,datasets/raw/receipt/receipt_0024.jpg,sroie,validation
0001453155,invoice,datasets/raw/invoice/invoice_0001.png,rvlcdip,train
94227370,form,datasets/raw/form/form_0060.png,rvlcdip,validation
2064280869,form,datasets/raw/form/form_0038.png,rvlcdip,validation
2085609688_9690,form,datasets/raw/form/form_0082.png,rvlcdip,train
tob08700.15,article,datasets/raw/article/article_0002.png,rvlcdip,train
03754530,article,datasets/raw/article/article_0099.png,rvlcdip,train
502367623,letter,datasets/raw/letter/letter_0009.png,rvlcdip,train
sroie_X51005712038,receipt,datasets/raw/receipt/receipt_0119.jpg,sroie,validation
2026207475_2026207485,report,datasets/raw/report/report_0048.png,rvlcdip,train
87683148,letter,datasets/raw/letter/letter_0045.png,rvlcdip,train
sroie_X51005663279,receipt,datasets/raw/receipt/receipt_0056.jpg,sroie,validation
0060052787,invoice,datasets/raw/invoice/invoice_0082.png,rvlcdip,train
81602572_2573,letter,datasets/raw/letter/letter_0092.png,rvlcdip,train
2028890404_0408,report,datasets/raw/report/report_0089.png,rvlcdip,train
sroie_X51005447860,receipt,datasets/raw/receipt/receipt_0050.jpg,sroie,train
2501951845,report,datasets/raw/report/report_0037.png,rvlcdip,train
ti17171860,invoice,datasets/raw/invoice/invoice_0015.png,rvlcdip,train
91049609_9610,article,datasets/raw/article/article_0091.png,rvlcdip,train
500642929_500642930,letter,datasets/raw/letter/letter_0051.png,rvlcdip,train
2074406831,report,datasets/raw/report/report_0030.png,rvlcdip,train
1000749938,article,datasets/raw/article/article_0014.png,rvlcdip,train
sroie_X51008114283,receipt,datasets/raw/receipt/receipt_0190.jpg,sroie,train
94067158,form,datasets/raw/form/form_0086.png,rvlcdip,train
2083780721,article,datasets/raw/article/article_0047.png,rvlcdip,train
504372363+-2363,letter,datasets/raw/letter/letter_0017.png,rvlcdip,train
2023592335,invoice,datasets/raw/invoice/invoice_0021.png,rvlcdip,train
1000306392,article,datasets/raw/article/article_0082.png,rvlcdip,train
50368697-8699,report,datasets/raw/report/report_0077.png,rvlcdip,train
0071033909,letter,datasets/raw/letter/letter_0091.png,rvlcdip,train
0013041942,invoice,datasets/raw/invoice/invoice_0083.png,rvlcdip,train
0000333645,article,datasets/raw/article/article_0018.png,rvlcdip,train
sroie_X51006557210,receipt,datasets/raw/receipt/receipt_0170.jpg,sroie,train
sroie_X51005568881,receipt,datasets/raw/receipt/receipt_0045.jpg,sroie,train
2023118642_2023118643,report,datasets/raw/report/report_0016.png,rvlcdip,train
sroie_X51006414674,receipt,datasets/raw/receipt/receipt_0053.jpg,sroie,train
92352892a,article,datasets/raw/article/article_0029.png,rvlcdip,train
sroie_X51007419197,receipt,datasets/raw/receipt/receipt_0016.jpg,sroie,train
2064224758_4759,report,datasets/raw/report/report_0002.png,rvlcdip,train
2028875572,report,datasets/raw/report/report_0013.png,rvlcdip,train
91514909,invoice,datasets/raw/invoice/invoice_0040.png,rvlcdip,train
sroie_X51006327976,receipt,datasets/raw/receipt/receipt_0122.jpg,sroie,train
2080736786,article,datasets/raw/article/article_0045.png,rvlcdip,train
sroie_X51008142060,receipt,datasets/raw/receipt/receipt_0009.jpg,sroie,train
sroie_X51005715010,receipt,datasets/raw/receipt/receipt_0137.jpg,sroie,train
2000459755,report,datasets/raw/report/report_0036.png,rvlcdip,train
sroie_X51006619854,receipt,datasets/raw/receipt/receipt_0148.jpg,sroie,train
95824922,invoice,datasets/raw/invoice/invoice_0095.png,rvlcdip,train
2020238434,report,datasets/raw/report/report_0056.png,rvlcdip,train
2057716795_2057716796,form,datasets/raw/form/form_0041.png,rvlcdip,train
2041552757,letter,datasets/raw/letter/letter_0012.png,rvlcdip,train
2085538583,invoice,datasets/raw/invoice/invoice_0011.png,rvlcdip,train
93117995_7997,form,datasets/raw/form/form_0040.png,rvlcdip,train
2029135490,form,datasets/raw/form/form_0033.png,rvlcdip,train
1002945775_1002945874,report,datasets/raw/report/report_0085.png,rvlcdip,train
sroie_X51007339113,receipt,datasets/raw/receipt/receipt_0110.jpg,sroie,train
sroie_X51005719864,receipt,datasets/raw/receipt/receipt_0030.jpg,sroie,train
0001140927,invoice,datasets/raw/invoice/invoice_0080.png,rvlcdip,train
2044221110_1111,form,datasets/raw/form/form_0002.png,rvlcdip,train
2083513969,article,datasets/raw/article/article_0077.png,rvlcdip,train
sroie_X51008164524,receipt,datasets/raw/receipt/receipt_0027.jpg,sroie,train
2044429472,article,datasets/raw/article/article_0033.png,rvlcdip,train
505365510+-5511,letter,datasets/raw/letter/letter_0077.png,rvlcdip,train
03021474-b,article,datasets/raw/article/article_0036.png,rvlcdip,train
ti16830045,article,datasets/raw/article/article_0007.png,rvlcdip,train
sroie_X51005568899,receipt,datasets/raw/receipt/receipt_0182.jpg,sroie,train
sroie_X51008145450,receipt,datasets/raw/receipt/receipt_0055.jpg,sroie,train
2028708554,invoice,datasets/raw/invoice/invoice_0081.png,rvlcdip,train
2501614242,form,datasets/raw/form/form_0025.png,rvlcdip,train
2062077953,report,datasets/raw/report/report_0051.png,rvlcdip,train
2083506319,article,datasets/raw/article/article_0065.png,rvlcdip,train
2060541122,letter,datasets/raw/letter/letter_0018.png,rvlcdip,train
2084616982_6983,form,datasets/raw/form/form_0054.png,rvlcdip,train
0060036831,form,datasets/raw/form/form_0026.png,rvlcdip,train
tob02006.68,article,datasets/raw/article/article_0075.png,rvlcdip,train
sroie_X51005676541,receipt,datasets/raw/receipt/receipt_0113.jpg,sroie,train
sroie_X51008099048,receipt,datasets/raw/receipt/receipt_0114.jpg,sroie,train
2083816225,form,datasets/raw/form/form_0062.png,rvlcdip,train
2028743021,invoice,datasets/raw/invoice/invoice_0018.png,rvlcdip,train
2084107960,form,datasets/raw/form/form_0057.png,rvlcdip,train
01110346_0359,report,datasets/raw/report/report_0099.png,rvlcdip,train
518161785+-1785,form,datasets/raw/form/form_0032.png,rvlcdip,train
2022186225,report,datasets/raw/report/report_0034.png,rvlcdip,train
2505161512,form,datasets/raw/form/form_0016.png,rvlcdip,train
tob12311.87_tob12311.89,article,datasets/raw/article/article_0020.png,rvlcdip,train
01337877_01337909,report,datasets/raw/report/report_0075.png,rvlcdip,train
515732196+-2196,letter,datasets/raw/letter/letter_0022.png,rvlcdip,train
sroie_X51007339094,receipt,datasets/raw/receipt/receipt_0088.jpg,sroie,train
2084605329,form,datasets/raw/form/form_0093.png,rvlcdip,train
89532777,report,datasets/raw/report/report_0096.png,rvlcdip,train
1004857877,letter,datasets/raw/letter/letter_0026.png,rvlcdip,train
sroie_X51006619698,receipt,datasets/raw/receipt/receipt_0035.jpg,sroie,train
sroie_X51008114284,receipt,datasets/raw/receipt/receipt_0121.jpg,sroie,train
tob15100.86,letter,datasets/raw/letter/letter_0058.png,rvlcdip,train
corti0009753,article,datasets/raw/article/article_0052.png,rvlcdip,train
2505372285,form,datasets/raw/form/form_0087.png,rvlcdip,train
sroie_X51007339132,receipt,datasets/raw/receipt/receipt_0124.jpg,sroie,train
88214917_4923,report,datasets/raw/report/report_0007.png,rvlcdip,train
50308421-8421,report,datasets/raw/report/report_0059.png,rvlcdip,train
2028881348_2028881349,report,datasets/raw/report/report_0044.png,rvlcdip,train
2505411841,report,datasets/raw/report/report_0039.png,rvlcdip,train
sroie_X51006619709,receipt,datasets/raw/receipt/receipt_0109.jpg,sroie,train
sroie_X51006557195,receipt,datasets/raw/receipt/receipt_0048.jpg,sroie,train
0001438955,form,datasets/raw/form/form_0004.png,rvlcdip,train
sroie_X51006555817,receipt,datasets/raw/receipt/receipt_0075.jpg,sroie,train
1003081493_1003081496,report,datasets/raw/report/report_0087.png,rvlcdip,train
2051046297_2051046300,form,datasets/raw/form/form_0018.png,rvlcdip,train
516871285+-1286,form,datasets/raw/form/form_0003.png,rvlcdip,train
86016250,invoice,datasets/raw/invoice/invoice_0058.png,rvlcdip,train
2063787839,form,datasets/raw/form/form_0058.png,rvlcdip,train
87147446,invoice,datasets/raw/invoice/invoice_0054.png,rvlcdip,train
sroie_X51008099041,receipt,datasets/raw/receipt/receipt_0155.jpg,sroie,train
98703373,report,datasets/raw/report/report_0063.png,rvlcdip,train
2064700614_0617,article,datasets/raw/article/article_0004.png,rvlcdip,train
522078028+-8046,form,datasets/raw/form/form_0053.png,rvlcdip,train
sroie_X51005711454,receipt,datasets/raw/receipt/receipt_0089.jpg,sroie,train
tob10515.49,letter,datasets/raw/letter/letter_0093.png,rvlcdip,train
2000459715,report,datasets/raw/report/report_0045.png,rvlcdip,train
2085626844_6845,article,datasets/raw/article/article_0039.png,rvlcdip,train
2501155477,report,datasets/raw/report/report_0025.png,rvlcdip,train
sroie_X51005230617,receipt,datasets/raw/receipt/receipt_0156.jpg,sroie,train
2061859081,article,datasets/raw/article/article_0028.png,rvlcdip,train
89000024,invoice,datasets/raw/invoice/invoice_0061.png,rvlcdip,train
sroie_X51005705760,receipt,datasets/raw/receipt/receipt_0128.jpg,sroie,train
50492614-2614,letter,datasets/raw/letter/letter_0059.png,rvlcdip,train
2029028944_2029028970,report,datasets/raw/report/report_0080.png,rvlcdip,train
2074589103,form,datasets/raw/form/form_0050.png,rvlcdip,train
91031474,invoice,datasets/raw/invoice/invoice_0055.png,rvlcdip,train
2075774440,form,datasets/raw/form/form_0001.png,rvlcdip,train
2063857770_7771,form,datasets/raw/form/form_0063.png,rvlcdip,train
2028798983_2028799042,report,datasets/raw/report/report_0068.png,rvlcdip,train
92860936,invoice,datasets/raw/invoice/invoice_0057.png,rvlcdip,train
tob08115.65,letter,datasets/raw/letter/letter_0004.png,rvlcdip,train
0060358365,letter,datasets/raw/letter/letter_0037.png,rvlcdip,train
2084020321_0322,invoice,datasets/raw/invoice/invoice_0069.png,rvlcdip,train
sroie_X51005442344,receipt,datasets/raw/receipt/receipt_0102.jpg,sroie,train
2024181547,article,datasets/raw/article/article_0003.png,rvlcdip,train
ti10051744_1745,article,datasets/raw/article/article_0096.png,rvlcdip,train
1003537845-d,article,datasets/raw/article/article_0068.png,rvlcdip,train
sroie_X51006557185,receipt,datasets/raw/receipt/receipt_0037.jpg,sroie,train
2028746017,invoice,datasets/raw/invoice/invoice_0002.png,rvlcdip,train
2058004960,form,datasets/raw/form/form_0098.png,rvlcdip,train
2064766009_6022,report,datasets/raw/report/report_0022.png,rvlcdip,train
2072555634,form,datasets/raw/form/form_0075.png,rvlcdip,train
sroie_X51005361900,receipt,datasets/raw/receipt/receipt_0001.jpg,sroie,train
sroie_X51005719856,receipt,datasets/raw/receipt/receipt_0162.jpg,sroie,train
87212059_87212066,report,datasets/raw/report/report_0033.png,rvlcdip,train
sroie_X51005806702,receipt,datasets/raw/receipt/receipt_0064.jpg,sroie,train
502223085,letter,datasets/raw/letter/letter_0067.png,rvlcdip,train
2076798993,form,datasets/raw/form/form_0064.png,rvlcdip,train
2084381550_1555,form,datasets/raw/form/form_0073.png,rvlcdip,train
2072006242,article,datasets/raw/article/article_0061.png,rvlcdip,train
sroie_X51006557188,receipt,datasets/raw/receipt/receipt_0127.jpg,sroie,train
sroie_X51006328913,receipt,datasets/raw/receipt/receipt_0077.jpg,sroie,train
2028973072_2028973146,report,datasets/raw/report/report_0067.png,rvlcdip,train
50129710-9710,letter,datasets/raw/letter/letter_0020.png,rvlcdip,train
sroie_X51007846370,receipt,datasets/raw/receipt/receipt_0150.jpg,sroie,train
sroie_X51005605285,receipt,datasets/raw/receipt/receipt_0101.jpg,sroie,train
2501758029_8046,report,datasets/raw/report/report_0026.png,rvlcdip,train
2076373241,form,datasets/raw/form/form_0066.png,rvlcdip,train
2054500156,form,datasets/raw/form/form_0011.png,rvlcdip,train
2500017317,article,datasets/raw/article/article_0093.png,rvlcdip,train
50722058-2108,report,datasets/raw/report/report_0020.png,rvlcdip,train
2046305060,article,datasets/raw/article/article_0070.png,rvlcdip,train
sroie_X51006913031,receipt,datasets/raw/receipt/receipt_0010.jpg,sroie,train
89340684_89340732,report,datasets/raw/report/report_0054.png,rvlcdip,train
0071016226,letter,datasets/raw/letter/letter_0035.png,rvlcdip,train
sroie_X51006414721,receipt,datasets/raw/receipt/receipt_0185.jpg,sroie,train
0060196964,letter,datasets/raw/letter/letter_0041.png,rvlcdip,train
0060054762,letter,datasets/raw/letter/letter_0060.png,rvlcdip,train
0071081983,letter,datasets/raw/letter/letter_0099.png,rvlcdip,train
sroie_X51006389963,receipt,datasets/raw/receipt/receipt_0039.jpg,sroie,train
sroie_X51006008074,receipt,datasets/raw/receipt/receipt_0031.jpg,sroie,train
sroie_X51006620414,receipt,datasets/raw/receipt/receipt_0095.jpg,sroie,train
80211529,invoice,datasets/raw/invoice/invoice_0044.png,rvlcdip,train
1003540309_1003540318,form,datasets/raw/form/form_0074.png,rvlcdip,train
1002648919,report,datasets/raw/report/report_0093.png,rvlcdip,train
508221875+-1876,form,datasets/raw/form/form_0081.png,rvlcdip,train
0000341755,article,datasets/raw/article/article_0010.png,rvlcdip,train
sroie_X00016469672,receipt,datasets/raw/receipt/receipt_0025.jpg,sroie,train
sroie_X51007339639,receipt,datasets/raw/receipt/receipt_0100.jpg,sroie,train
525260477+-0477,form,datasets/raw/form/form_0052.png,rvlcdip,train
2043429159,letter,datasets/raw/letter/letter_0076.png,rvlcdip,train
sroie_X51006913028,receipt,datasets/raw/receipt/receipt_0138.jpg,sroie,train
1003198375,letter,datasets/raw/letter/letter_0029.png,rvlcdip,train
2501947526_7530,report,datasets/raw/report/report_0011.png,rvlcdip,train
tob14026.34_tob14026.35,article,datasets/raw/article/article_0001.png,rvlcdip,train
01139180a,article,datasets/raw/article/article_0085.png,rvlcdip,train
81619486_9488,form,datasets/raw/form/form_0029.png,rvlcdip,train
CTRCONTRACTS022017-2,invoice,datasets/raw/invoice/invoice_0049.png,rvlcdip,train
sroie_X51005745190,receipt,datasets/raw/receipt/receipt_0158.jpg,sroie,train
tob14406.22,article,datasets/raw/article/article_0063.png,rvlcdip,train
sroie_X51007339151,receipt,datasets/raw/receipt/receipt_0145.jpg,sroie,train
2029245071,form,datasets/raw/form/form_0096.png,rvlcdip,train
81440422,invoice,datasets/raw/invoice/invoice_0074.png,rvlcdip,train
92676766,invoice,datasets/raw/invoice/invoice_0056.png,rvlcdip,train
tob07822.07_tob07822.08,article,datasets/raw/article/article_0081.png,rvlcdip,train
sroie_X51007846270,receipt,datasets/raw/receipt/receipt_0099.jpg,sroie,train
2083799894_9896,invoice,datasets/raw/invoice/invoice_0032.png,rvlcdip,train
0060087997,form,datasets/raw/form/form_0097.png,rvlcdip,train
83553778,invoice,datasets/raw/invoice/invoice_0089.png,rvlcdip,train
2062045537,report,datasets/raw/report/report_0035.png,rvlcdip,train
2015059275,article,datasets/raw/article/article_0049.png,rvlcdip,train
0000308235,letter,datasets/raw/letter/letter_0001.png,rvlcdip,train
2073344227_4231,article,datasets/raw/article/article_0044.png,rvlcdip,train
2043129585_2043129590,form,datasets/raw/form/form_0034.png,rvlcdip,train
sroie_X51007846412,receipt,datasets/raw/receipt/receipt_0186.jpg,sroie,train
sroie_X51006556825,receipt,datasets/raw/receipt/receipt_0028.jpg,sroie,train
515615617+-5618,invoice,datasets/raw/invoice/invoice_0099.png,rvlcdip,train
sroie_X51005442327,receipt,datasets/raw/receipt/receipt_0040.jpg,sroie,train
sroie_X51006414680,receipt,datasets/raw/receipt/receipt_0047.jpg,sroie,train
sroie_X51008164992,receipt,datasets/raw/receipt/receipt_0033.jpg,sroie,train
513032938,form,datasets/raw/form/form_0035.png,rvlcdip,train
sroie_X51006350763,receipt,datasets/raw/receipt/receipt_0003.jpg,sroie,train
87673604_87673622,report,datasets/raw/report/report_0084.png,rvlcdip,train
505709083+-9083,letter,datasets/raw/letter/letter_0085.png,rvlcdip,train
tim01049.63,letter,datasets/raw/letter/letter_0047.png,rvlcdip,train
sroie_X51006008091,receipt,datasets/raw/receipt/receipt_0014.jpg,sroie,train
00965350_00965352,report,datasets/raw/report/report_0078.png,rvlcdip,train
0060284223,invoice,datasets/raw/invoice/invoice_0098.png,rvlcdip,train
2073724042,article,datasets/raw/article/article_0058.png,rvlcdip,train
sroie_X51008042783,receipt,datasets/raw/receipt/receipt_0197.jpg,sroie,train
sroie_X51006414714,receipt,datasets/raw/receipt/receipt_0153.jpg,sroie,train
sroie_X51006556738,receipt,datasets/raw/receipt/receipt_0196.jpg,sroie,train
sroie_X51006387812,receipt,datasets/raw/receipt/receipt_0092.jpg,sroie,train
sroie_X51006557170,receipt,datasets/raw/receipt/receipt_0063.jpg,sroie,train
2070382318,invoice,datasets/raw/invoice/invoice_0087.png,rvlcdip,train
00920320,invoice,datasets/raw/invoice/invoice_0026.png,rvlcdip,train
50101429-1429,letter,datasets/raw/letter/letter_0038.png,rvlcdip,train
89977526_7546,report,datasets/raw/report/report_0097.png,rvlcdip,train
sroie_X51007231336,receipt,datasets/raw/receipt/receipt_0023.jpg,sroie,train
88131855,invoice,datasets/raw/invoice/invoice_0036.png,rvlcdip,train
sroie_X51006414392,receipt,datasets/raw/receipt/receipt_0002.jpg,sroie,train
sroie_X51005889296,receipt,datasets/raw/receipt/receipt_0085.jpg,sroie,train
sroie_X51005442392,receipt,datasets/raw/receipt/receipt_0076.jpg,sroie,train
sroie_X51006414733,receipt,datasets/raw/receipt/receipt_0141.jpg,sroie,train
92227311,invoice,datasets/raw/invoice/invoice_0029.png,rvlcdip,train
sroie_X51006619777,receipt,datasets/raw/receipt/receipt_0108.jpg,sroie,train
2028746910_2028746913,invoice,datasets/raw/invoice/invoice_0085.png,rvlcdip,train
2077934481,form,datasets/raw/form/form_0048.png,rvlcdip,train
sroie_X51008123447,receipt,datasets/raw/receipt/receipt_0151.jpg,sroie,train
0012529284,form,datasets/raw/form/form_0005.png,rvlcdip,train
2024516480,report,datasets/raw/report/report_0091.png,rvlcdip,train
2061671721,form,datasets/raw/form/form_0084.png,rvlcdip,train
tob10615.20,article,datasets/raw/article/article_0023.png,rvlcdip,train
2501329351,invoice,datasets/raw/invoice/invoice_0072.png,rvlcdip,train
2084020041,invoice,datasets/raw/invoice/invoice_0006.png,rvlcdip,train
516924367_516924373,letter,datasets/raw/letter/letter_0031.png,rvlcdip,train
2030053328,form,datasets/raw/form/form_0000.png,rvlcdip,train
2081645450,article,datasets/raw/article/article_0055.png,rvlcdip,train
tob13122.52,article,datasets/raw/article/article_0059.png,rvlcdip,train
sroie_X51005676547,receipt,datasets/raw/receipt/receipt_0163.jpg,sroie,train
sroie_X51006334741,receipt,datasets/raw/receipt/receipt_0180.jpg,sroie,train
sroie_X51005587267,receipt,datasets/raw/receipt/receipt_0131.jpg,sroie,train
2073516164,report,datasets/raw/report/report_0092.png,rvlcdip,train
80703386,invoice,datasets/raw/invoice/invoice_0039.png,rvlcdip,train
500035418,invoice,datasets/raw/invoice/invoice_0010.png,rvlcdip,train
sroie_X51008142038,receipt,datasets/raw/receipt/receipt_0029.jpg,sroie,train
tob11910.04_tob11910.08,article,datasets/raw/article/article_0031.png,rvlcdip,train
sroie_X51005365179,receipt,datasets/raw/receipt/receipt_0164.jpg,sroie,train
2023894139-b_2023894140,article,datasets/raw/article/article_0062.png,rvlcdip,train
04354968_4969,letter,datasets/raw/letter/letter_0049.png,rvlcdip,train
sroie_X51006502531,receipt,datasets/raw/receipt/receipt_0084.jpg,sroie,train
514215541+-5541,form,datasets/raw/form/form_0047.png,rvlcdip,train
50063579,invoice,datasets/raw/invoice/invoice_0008.png,rvlcdip,train
2065360166,form,datasets/raw/form/form_0088.png,rvlcdip,train
83374063,invoice,datasets/raw/invoice/invoice_0091.png,rvlcdip,train
2030375270,form,datasets/raw/form/form_0076.png,rvlcdip,train
87445037,report,datasets/raw/report/report_0024.png,rvlcdip,train
50016371,invoice,datasets/raw/invoice/invoice_0042.png,rvlcdip,train
2029149564_2029149565,form,datasets/raw/form/form_0070.png,rvlcdip,train
2070261151,form,datasets/raw/form/form_0067.png,rvlcdip,train
2073415972,article,datasets/raw/article/article_0076.png,rvlcdip,train
87147456,invoice,datasets/raw/invoice/invoice_0078.png,rvlcdip,train
sroie_X51006392122,receipt,datasets/raw/receipt/receipt_0090.jpg,sroie,train
sroie_X51005447839,receipt,datasets/raw/receipt/receipt_0107.jpg,sroie,train
sroie_X51005722668,receipt,datasets/raw/receipt/receipt_0117.jpg,sroie,train
2022179583,report,datasets/raw/report/report_0009.png,rvlcdip,train
93219883,invoice,datasets/raw/invoice/invoice_0048.png,rvlcdip,train
2083780039,article,datasets/raw/article/article_0067.png,rvlcdip,train
sroie_X51008042791,receipt,datasets/raw/receipt/receipt_0097.jpg,sroie,train
2055054854_2055054857,report,datasets/raw/report/report_0021.png,rvlcdip,train
93485164_5166,letter,datasets/raw/letter/letter_0063.png,rvlcdip,train
2026503840,letter,datasets/raw/letter/letter_0036.png,rvlcdip,train
sroie_X51006556815,receipt,datasets/raw/receipt/receipt_0032.jpg,sroie,train
88180620,report,datasets/raw/report/report_0090.png,rvlcdip,train
2079131531_1532,letter,datasets/raw/letter/letter_0016.png,rvlcdip,train
1003538015-b,article,datasets/raw/article/article_0088.png,rvlcdip,train
50178964-8964,letter,datasets/raw/letter/letter_0034.png,rvlcdip,train
sroie_X51005268200,receipt,datasets/raw/receipt/receipt_0112.jpg,sroie,train
2504026981,form,datasets/raw/form/form_0010.png,rvlcdip,train
83612724,form,datasets/raw/form/form_0022.png,rvlcdip,train
508028274+-8277,letter,datasets/raw/letter/letter_0007.png,rvlcdip,train
sroie_X51008099085,receipt,datasets/raw/receipt/receipt_0174.jpg,sroie,train
88131835,invoice,datasets/raw/invoice/invoice_0035.png,rvlcdip,train
501891308,letter,datasets/raw/letter/letter_0021.png,rvlcdip,train
1002392859_1002392860,article,datasets/raw/article/article_0071.png,rvlcdip,train
sroie_X51006502533,receipt,datasets/raw/receipt/receipt_0079.jpg,sroie,train
95824321,invoice,datasets/raw/invoice/invoice_0030.png,rvlcdip,train
2040743643,letter,datasets/raw/letter/letter_0053.png,rvlcdip,train
2076906781_6782,report,datasets/raw/report/report_0023.png,rvlcdip,train
1002402279_1002402280,article,datasets/raw/article/article_0087.png,rvlcdip,train
2078640682_0683,report,datasets/raw/report/report_0098.png,rvlcdip,train
sroie_X51006327978,receipt,datasets/raw/receipt/receipt_0052.jpg,sroie,train
sroie_X51005568891,receipt,datasets/raw/receipt/receipt_0146.jpg,sroie,train
2062093441_2062093447,report,datasets/raw/report/report_0069.png,rvlcdip,train
2021630861,invoice,datasets/raw/invoice/invoice_0005.png,rvlcdip,train
sroie_X51008142032,receipt,datasets/raw/receipt/receipt_0106.jpg,sroie,train
2501667949_2501667957,report,datasets/raw/report/report_0083.png,rvlcdip,train
sroie_X51005711445,receipt,datasets/raw/receipt/receipt_0098.jpg,sroie,train
0000278912,article,datasets/raw/article/article_0019.png,rvlcdip,train
2072484182,invoice,datasets/raw/invoice/invoice_0086.png,rvlcdip,train
87430136,report,datasets/raw/report/report_0031.png,rvlcdip,train
80232500_80232524,report,datasets/raw/report/report_0028.png,rvlcdip,train
2028742026_2028742027,form,datasets/raw/form/form_0020.png,rvlcdip,train
0001234030,invoice,datasets/raw/invoice/invoice_0097.png,rvlcdip,train
518547904+-7905,form,datasets/raw/form/form_0037.png,rvlcdip,train
sroie_X51007339098,receipt,datasets/raw/receipt/receipt_0149.jpg,sroie,train
515618144+-8153,invoice,datasets/raw/invoice/invoice_0046.png,rvlcdip,train
2025324595,form,datasets/raw/form/form_0009.png,rvlcdip,train
0071006682,invoice,datasets/raw/invoice/invoice_0045.png,rvlcdip,train
2501536954_2501536985,report,datasets/raw/report/report_0064.png,rvlcdip,train
2028699272,invoice,datasets/raw/invoice/invoice_0071.png,rvlcdip,train
sroie_X51005722699,receipt,datasets/raw/receipt/receipt_0067.jpg,sroie,train
85675561,letter,datasets/raw/letter/letter_0019.png,rvlcdip,train
sroie_X51005676538,receipt,datasets/raw/receipt/receipt_0000.jpg,sroie,train
82227552,article,datasets/raw/article/article_0056.png,rvlcdip,train
tnjb0008497,letter,datasets/raw/letter/letter_0000.png,rvlcdip,train
sroie_X51005677332,receipt,datasets/raw/receipt/receipt_0043.jpg,sroie,train
corti0009665,article,datasets/raw/article/article_0015.png,rvlcdip,train
501380936+-0936,letter,datasets/raw/letter/letter_0082.png,rvlcdip,train
sroie_X51005447848,receipt,datasets/raw/receipt/receipt_0082.jpg,sroie,train
sroie_X51007579726,receipt,datasets/raw/receipt/receipt_0178.jpg,sroie,train
sroie_X51006619765,receipt,datasets/raw/receipt/receipt_0176.jpg,sroie,train
1001757330_1001757336,report,datasets/raw/report/report_0055.png,rvlcdip,train
2026210869,report,datasets/raw/report/report_0008.png,rvlcdip,train
sroie_X51005757323,receipt,datasets/raw/receipt/receipt_0019.jpg,sroie,train
2083780391,article,datasets/raw/article/article_0032.png,rvlcdip,train
sroie_X51005433492,receipt,datasets/raw/receipt/receipt_0012.jpg,sroie,train
sroie_X51006389893,receipt,datasets/raw/receipt/receipt_0093.jpg,sroie,train
CTRSP-FILES014760-47,letter,datasets/raw/letter/letter_0003.png,rvlcdip,train
sroie_X51006387971,receipt,datasets/raw/receipt/receipt_0132.jpg,sroie,train
corti0009098_9100,article,datasets/raw/article/article_0011.png,rvlcdip,train
2501664635,report,datasets/raw/report/report_0095.png,rvlcdip,train
sroie_X51008042792,receipt,datasets/raw/receipt/receipt_0147.jpg,sroie,train
sroie_X51007339115,receipt,datasets/raw/receipt/receipt_0198.jpg,sroie,train
sroie_X51006414599,receipt,datasets/raw/receipt/receipt_0167.jpg,sroie,train
sroie_X51007103688,receipt,datasets/raw/receipt/receipt_0126.jpg,sroie,train
sroie_X00016469612,receipt,datasets/raw/receipt/receipt_0152.jpg,sroie,train
2024442203,report,datasets/raw/report/report_0017.png,rvlcdip,train
519695114+-5119,letter,datasets/raw/letter/letter_0011.png,rvlcdip,train
sroie_X51005453729,receipt,datasets/raw/receipt/receipt_0066.jpg,sroie,train
85082999,letter,datasets/raw/letter/letter_0057.png,rvlcdip,train
sroie_X51007339095,receipt,datasets/raw/receipt/receipt_0041.jpg,sroie,train
50719280-9280,invoice,datasets/raw/invoice/invoice_0079.png,rvlcdip,train
0060283358,letter,datasets/raw/letter/letter_0090.png,rvlcdip,train
50230435-0435,letter,datasets/raw/letter/letter_0094.png,rvlcdip,train
2048225492,form,datasets/raw/form/form_0015.png,rvlcdip,train
sroie_X51005441401,receipt,datasets/raw/receipt/receipt_0168.jpg,sroie,train
sroie_X51005441408,receipt,datasets/raw/receipt/receipt_0169.jpg,sroie,train
2077357172,article,datasets/raw/article/article_0006.png,rvlcdip,train
2028528688_2028528706,report,datasets/raw/report/report_0012.png,rvlcdip,train
502228308+-8308,letter,datasets/raw/letter/letter_0048.png,rvlcdip,train
86220490,form,datasets/raw/form/form_0043.png,rvlcdip,train
sroie_X51005711447,receipt,datasets/raw/receipt/receipt_0005.jpg,sroie,train
sroie_X51006913024,receipt,datasets/raw/receipt/receipt_0021.jpg,sroie,train
2028796209,report,datasets/raw/report/report_0041.png,rvlcdip,train
sroie_X51006619772,receipt,datasets/raw/receipt/receipt_0115.jpg,sroie,train
sroie_X51005749905,receipt,datasets/raw/receipt/receipt_0144.jpg,sroie,train
505043858_505043859,form,datasets/raw/form/form_0083.png,rvlcdip,train
89418741_8746,report,datasets/raw/report/report_0088.png,rvlcdip,train
10390942,letter,datasets/raw/letter/letter_0069.png,rvlcdip,train
sroie_X51005442338,receipt,datasets/raw/receipt/receipt_0051.jpg,sroie,train
sroie_X51006556646,receipt,datasets/raw/receipt/receipt_0179.jpg,sroie,train
2062101355,letter,datasets/raw/letter/letter_0052.png,rvlcdip,train
sroie_X51006557179,receipt,datasets/raw/receipt/receipt_0193.jpg,sroie,train
0011907303,letter,datasets/raw/letter/letter_0071.png,rvlcdip,train
2022232036_2022232037,report,datasets/raw/report/report_0046.png,rvlcdip,train
2072197110,article,datasets/raw/article/article_0094.png,rvlcdip,train
2505397417,form,datasets/raw/form/form_0080.png,rvlcdip,train
sroie_X51005433514,receipt,datasets/raw/receipt/receipt_0011.jpg,sroie,train
00921693,invoice,datasets/raw/invoice/invoice_0017.png,rvlcdip,train
2505377429_7434,report,datasets/raw/report/report_0072.png,rvlcdip,train
sroie_X51006679216,receipt,datasets/raw/receipt/receipt_0080.jpg,sroie,train
515618103+-8122,invoice,datasets/raw/invoice/invoice_0016.png,rvlcdip,train
0001246104,form,datasets/raw/form/form_0017.png,rvlcdip,train
504730700,letter,datasets/raw/letter/letter_0074.png,rvlcdip,train
2024205622,form,datasets/raw/form/form_0085.png,rvlcdip,train
2505411634,report,datasets/raw/report/report_0073.png,rvlcdip,train
sroie_X51005663301,receipt,datasets/raw/receipt/receipt_0187.jpg,sroie,train
518182970,invoice,datasets/raw/invoice/invoice_0034.png,rvlcdip,train
520618201+-8215,form,datasets/raw/form/form_0007.png,rvlcdip,train
1003043373-a,article,datasets/raw/article/article_0057.png,rvlcdip,train
91580930,invoice,datasets/raw/invoice/invoice_0024.png,rvlcdip,train
sroie_X51005719899,receipt,datasets/raw/receipt/receipt_0070.jpg,sroie,train
2086081025,form,datasets/raw/form/form_0051.png,rvlcdip,train
2065418675,letter,datasets/raw/letter/letter_0088.png,rvlcdip,train
2501074515,article,datasets/raw/article/article_0098.png,rvlcdip,train
2048391723,article,datasets/raw/article/article_0017.png,rvlcdip,train
sroie_X51005757324,receipt,datasets/raw/receipt/receipt_0195.jpg,sroie,train
sroie_X51008099081,receipt,datasets/raw/receipt/receipt_0046.jpg,sroie,train
1003543424,article,datasets/raw/article/article_0025.png,rvlcdip,train
sroie_X00016469619,receipt,datasets/raw/receipt/receipt_0123.jpg,sroie,train
507064884,form,datasets/raw/form/form_0023.png,rvlcdip,train
2012583212_2012583213,letter,datasets/raw/letter/letter_0073.png,rvlcdip,train
2063116026,invoice,datasets/raw/invoice/invoice_0014.png,rvlcdip,train
2059478435,invoice,datasets/raw/invoice/invoice_0063.png,rvlcdip,train
506047348+-7349,letter,datasets/raw/letter/letter_0079.png,rvlcdip,train
2001210024_2001210025,article,datasets/raw/article/article_0016.png,rvlcdip,train
0000113799,invoice,datasets/raw/invoice/invoice_0073.png,rvlcdip,train
2025500051,article,datasets/raw/article/article_0089.png,rvlcdip,train
sroie_X51007262315,receipt,datasets/raw/receipt/receipt_0166.jpg,sroie,train
sroie_X51006912974,receipt,datasets/raw/receipt/receipt_0160.jpg,sroie,train
81305509,report,datasets/raw/report/report_0003.png,rvlcdip,train
sroie_X51005705804,receipt,datasets/raw/receipt/receipt_0183.jpg,sroie,train
672375,form,datasets/raw/form/form_0031.png,rvlcdip,train
2024612780,form,datasets/raw/form/form_0071.png,rvlcdip,train
0060075262,invoice,datasets/raw/invoice/invoice_0033.png,rvlcdip,train
2026372242,letter,datasets/raw/letter/letter_0046.png,rvlcdip,train
506432063_506432081,form,datasets/raw/form/form_0021.png,rvlcdip,train
2025028383-a,article,datasets/raw/article/article_0046.png,rvlcdip,train
sroie_X51008164996,receipt,datasets/raw/receipt/receipt_0091.jpg,sroie,train
2063591345,invoice,datasets/raw/invoice/invoice_0070.png,rvlcdip,train
sroie_X51007262328,receipt,datasets/raw/receipt/receipt_0133.jpg,sroie,train
sroie_X51005568829,receipt,datasets/raw/receipt/receipt_0143.jpg,sroie,train
2001234756_2001234764,report,datasets/raw/report/report_0050.png,rvlcdip,train
sroie_X51006392299,receipt,datasets/raw/receipt/receipt_0065.jpg,sroie,train
2086083859,form,datasets/raw/form/form_0030.png,rvlcdip,train
506108003_506108004,letter,datasets/raw/letter/letter_0087.png,rvlcdip,train
10080337_10080350,report,datasets/raw/report/report_0027.png,rvlcdip,train
sroie_X51005757243,receipt,datasets/raw/receipt/receipt_0049.jpg,sroie,train
1003543438,article,datasets/raw/article/article_0095.png,rvlcdip,train
2071652355,letter,datasets/raw/letter/letter_0044.png,rvlcdip,train
524291215+-1215,letter,datasets/raw/letter/letter_0070.png,rvlcdip,train
sroie_X51008123446,receipt,datasets/raw/receipt/receipt_0118.jpg,sroie,train
11231340,invoice,datasets/raw/invoice/invoice_0052.png,rvlcdip,train
80701160,invoice,datasets/raw/invoice/invoice_0067.png,rvlcdip,train
0000989826,form,datasets/raw/form/form_0049.png,rvlcdip,train
508078927,letter,datasets/raw/letter/letter_0089.png,rvlcdip,train
93177917,form,datasets/raw/form/form_0044.png,rvlcdip,train
sroie_X51005663278,receipt,datasets/raw/receipt/receipt_0192.jpg,sroie,train
tob11708.09,article,datasets/raw/article/article_0069.png,rvlcdip,train
501012820,invoice,datasets/raw/invoice/invoice_0020.png,rvlcdip,train
tob06203.94,article,datasets/raw/article/article_0009.png,rvlcdip,train
sroie_X51006349086,receipt,datasets/raw/receipt/receipt_0171.jpg,sroie,train
2083513848,article,datasets/raw/article/article_0073.png,rvlcdip,train
sroie_X51007339112,receipt,datasets/raw/receipt/receipt_0188.jpg,sroie,train
tob11415.60,article,datasets/raw/article/article_0013.png,rvlcdip,train
504614652_504614660,letter,datasets/raw/letter/letter_0006.png,rvlcdip,train
2085594648,form,datasets/raw/form/form_0059.png,rvlcdip,train
sroie_X51005675095,receipt,datasets/raw/receipt/receipt_0103.jpg,sroie,train
2083780624,article,datasets/raw/article/article_0084.png,rvlcdip,train
2028708771,invoice,datasets/raw/invoice/invoice_0025.png,rvlcdip,train
2029162417,report,datasets/raw/report/report_0079.png,rvlcdip,train
sroie_X51006556839,receipt,datasets/raw/receipt/receipt_0191.jpg,sroie,train
sroie_X51005676549,receipt,datasets/raw/receipt/receipt_0165.jpg,sroie,train
2028741084_2028741085,invoice,datasets/raw/invoice/invoice_0003.png,rvlcdip,train
sroie_X51006008095,receipt,datasets/raw/receipt/receipt_0074.jpg,sroie,train
508112328+-2328,letter,datasets/raw/letter/letter_0027.png,rvlcdip,train
sroie_X51006555780,receipt,datasets/raw/receipt/receipt_0116.jpg,sroie,train
sroie_X51005361946,receipt,datasets/raw/receipt/receipt_0017.jpg,sroie,train
0001233921,invoice,datasets/raw/invoice/invoice_0038.png,rvlcdip,train
2029370377,invoice,datasets/raw/invoice/invoice_0023.png,rvlcdip,train
2072129072,form,datasets/raw/form/form_0045.png,rvlcdip,train
85679292,letter,datasets/raw/letter/letter_0030.png,rvlcdip,train
500300163_500300166,letter,datasets/raw/letter/letter_0032.png,rvlcdip,train
2029116328_2029116346,report,datasets/raw/report/report_0082.png,rvlcdip,train
sroie_X51005719814,receipt,datasets/raw/receipt/receipt_0104.jpg,sroie,train
2074133419,form,datasets/raw/form/form_0039.png,rvlcdip,train
sroie_X51008142030,receipt,datasets/raw/receipt/receipt_0058.jpg,sroie,train
2501997584,report,datasets/raw/report/report_0004.png,rvlcdip,train
10070922_10070923,report,datasets/raw/report/report_0042.png,rvlcdip,train
92856963,invoice,datasets/raw/invoice/invoice_0028.png,rvlcdip,train
0071085436,letter,datasets/raw/letter/letter_0050.png,rvlcdip,train
2077549677,form,datasets/raw/form/form_0056.png,rvlcdip,train
0060251772,letter,datasets/raw/letter/letter_0025.png,rvlcdip,train
2501124129_2501124132,report,datasets/raw/report/report_0014.png,rvlcdip,train
sroie_X51005719893,receipt,datasets/raw/receipt/receipt_0154.jpg,sroie,train
